Column 0,ALBANIA,ALGERIA,ANDORRA,ANGOLA,ANGUILLA,ANTIGUA & BARBUDA,ARGENTINA,ARMENIA,ARUBA,AUSTRALIA,AUSTRIA,AZERBAIJAN,BAHAMAS,BAHRAIN,BANGLADESH,BARBADOS,BELARUS,BELGIUM,BELIZE,BENIN,BERMUDA,BHUTAN,BONAIRE SAINT EUSTATIUS AND SABA,BOSNIA & HERZEGOVINA,BOTSWANA,BRAZIL,BRITISH VIRGIN ISLANDS,BRUNEI (DARUSSALAM),BULGARIA,BURKINA FASO,BURUNDI,CAMBODIA,CANADA,CAPE VERDE,CENTRAL AFRICAN REPUBLIC,CHAD,CHILE,CHINA (MAINLAND),COLOMBIA,COMOROS,CONGO,COOK ISLANDS,COSTA RICA,COTE D IVOIRE,CROATIA,CUBA,CURACAO,CYPRUS,CZECHIA,DEMOCRATIC PEOPLE S REPUBLIC OF KOREA,DEMOCRATIC REPUBLIC OF THE CONGO (FORMERLY ZAIRE),DENMARK,DJIBOUTI,DOMINICA,DOMINICAN REPUBLIC,ECUADOR,EGYPT,EL SALVADOR,EQUATORIAL GUINEA,ERITREA,ESTONIA,ETHIOPIA,FAEROE ISLANDS,FEDERATED STATES OF MICRONESIA,FIJI,FINLAND,FRANCE (INCLUDING MONACO),FRENCH POLYNESIA,GABON,GAMBIA,GEORGIA,GERMANY,GHANA,GREECE,GREENLAND,GRENADA,GUATEMALA,GUINEA,GUINEA BISSAU,GUYANA,HAITI,HONDURAS,HONG KONG SPECIAL ADMINSTRATIVE REGION OF CHINA,HUNGARY,ICELAND,INDIA,INDONESIA,IRAQ,IRELAND,ISLAMIC REPUBLIC OF IRAN,ISRAEL,ITALY (INCLUDING SAN MARINO),JAMAICA,JAPAN,JORDAN,KAZAKHSTAN,KENYA,KIRIBATI,KOSOVO,KUWAIT,KYRGYZSTAN,LAO PEOPLE S DEMOCRATIC REPUBLIC,LATVIA,LEBANON,LESOTHO,LIBERIA,LIBYAN ARAB JAMAHIRIYAH,LIECHTENSTEIN,LITHUANIA,LUXEMBOURG,MACAU SPECIAL ADMINSTRATIVE REGION OF CHINA,MACEDONIA,MADAGASCAR,MALAWI,MALAYSIA,MALDIVES,MALI,MALTA,MARSHALL ISLANDS,MAURITANIA,MAURITIUS,MEXICO,MONGOLIA,MONTENEGRO,MONTSERRAT,MOROCCO,MOZAMBIQUE,MYANMAR (FORMERLY BURMA),NAMIBIA,NAURU,NEPAL,NETHERLANDS,NEW CALEDONIA,NEW ZEALAND,NICARAGUA,NIGER,NIGERIA,NIUE,NORWAY,OCCUPIED PALESTINIAN TERRITORY,OMAN,PAKISTAN,PALAU,PANAMA,PAPUA NEW GUINEA,PARAGUAY,PERU,PHILIPPINES,PLURINATIONAL STATE OF BOLIVIA,POLAND,PORTUGAL,QATAR,REPUBLIC OF CAMEROON,REPUBLIC OF KOREA,REPUBLIC OF MOLDOVA,REPUBLIC OF SOUTH SUDAN,REPUBLIC OF SUDAN,ROMANIA,RUSSIAN FEDERATION,RWANDA,SAINT HELENA,SAINT LUCIA,SAINT MARTIN (DUTCH PORTION),SAMOA,SAO TOME & PRINCIPE,SAUDI ARABIA,SENEGAL,SERBIA,SEYCHELLES,SIERRA LEONE,SINGAPORE,SLOVAKIA,SLOVENIA,SOLOMON ISLANDS,SOMALIA,SOUTH AFRICA,SPAIN,SRI LANKA,ST  KITTS-NEVIS,ST  PIERRE & MIQUELON,ST  VINCENT & THE GRENADINES,SURINAME,ESWATINI,SWEDEN,SWITZERLAND,SYRIAN ARAB REPUBLIC,TAIWAN,TAJIKISTAN,THAILAND,TIMOR-LESTE (FORMERLY EAST TIMOR),TOGO,TONGA,TRINIDAD AND TOBAGO,TUNISIA,TÜRKIYE,TURKMENISTAN,TURKS AND CAICOS ISLANDS,TUVALU,UGANDA,UKRAINE,UNITED ARAB EMIRATES,UNITED KINGDOM,UNITED REPUBLIC OF TANZANIA,UNITED STATES OF AMERICA,URUGUAY,UZBEKISTAN,VANUATU,VENEZUELA,VIET NAM,WALLIS AND FUTUNA ISLANDS,YEMEN,ZAMBIA,ZIMBABWE,KP Annex B,Non KP Annex B,OECD,Non-OECD,EU27,Africa,Asia,Central America,Europe,Middle East,North America,Oceania,South America,Bunkers,Statistical Difference,World,AFGHANISTAN
,Albania,Algeria,Andorra,Angola,Anguilla,Antigua and Barbuda,Argentina,Armenia,Aruba,Australia,Austria,Azerbaijan,Bahamas,Bahrain,Bangladesh,Barbados,Belarus,Belgium,Belize,Benin,Bermuda,Bhutan,Bonaire Saint Eustatius and Saba,Bosnia and Herzegovina,Botswana,Brazil,British Virgin Islands,Brunei Darussalam,Bulgaria,Burkina Faso,Burundi,Cambodia,Canada,Cape Verde,Central African Republic,Chad,Chile,China,Colombia,Comoros,Congo,Cook Islands,Costa Rica,Côte d'Ivoire,Croatia,Cuba,Curaçao,Cyprus,Czechia,North Korea,Democratic Republic of the Congo,Denmark,Djibouti,Dominica,Dominican Republic,Ecuador,Egypt,El Salvador,Equatorial Guinea,Eritrea,Estonia,Ethiopia,Faeroe Islands,Micronesia (Federated States of),Fiji,Finland,France,French Polynesia,Gabon,Gambia,Georgia,Germany,Ghana,Greece,Greenland,Grenada,Guatemala,Guinea,Guinea-Bissau,Guyana,Haiti,Honduras,Hong Kong,Hungary,Iceland,India,Indonesia,Iraq,Ireland,Iran,Israel,Italy,Jamaica,Japan,Jordan,Kazakhstan,Kenya,Kiribati,Kosovo,Kuwait,Kyrgyzstan,Laos,Latvia,Lebanon,Lesotho,Liberia,Libya,Liechtenstein,Lithuania,Luxembourg,Macao,North Macedonia,Madagascar,Malawi,Malaysia,Maldives,Mali,Malta,Marshall Islands,Mauritania,Mauritius,Mexico,Mongolia,Montenegro,Montserrat,Morocco,Mozambique,Myanmar,Namibia,Nauru,Nepal,Netherlands,New Caledonia,New Zealand,Nicaragua,Niger,Nigeria,Niue,Norway,State of Palestine,Oman,Pakistan,Palau,Panama,Papua New Guinea,Paraguay,Peru,Philippines,Bolivia,Poland,Portugal,Qatar,Cameroon,South Korea,Moldova,South Sudan,Sudan,Romania,Russia,Rwanda,Saint Helena,Saint Lucia,Sint Maarten (Dutch part),Samoa,Sao Tome and Principe,Saudi Arabia,Senegal,Serbia,Seychelles,Sierra Leone,Singapore,Slovakia,Slovenia,Solomon Islands,Somalia,South Africa,Spain,Sri Lanka,Saint Kitts and Nevis,Saint Pierre and Miquelon,Saint Vincent and the Grenadines,Suriname,Eswatini,Sweden,Switzerland,Syria,Taiwan,Tajikistan,Thailand,Timor-Leste,Togo,Tonga,Trinidad and Tobago,Tunisia,Türkiye,Turkmenistan,Turks and Caicos Islands,Tuvalu,Uganda,Ukraine,United Arab Emirates,United Kingdom,Tanzania,USA,Uruguay,Uzbekistan,Vanuatu,Venezuela,Viet Nam,Wallis and Futuna Islands,Yemen,Zambia,Zimbabwe,KP Annex B,Non KP Annex B,OECD,Non-OECD,EU27,Africa,Asia,Central America,Europe,Middle East,North America,Oceania,South America,Bunkers,Statistical Difference,World,Afghanistan
1990,1.5164467729,,,,,,30.822833468,1.6413410969,,66.409429174,24.400699294,7.6464562829,,2.9947527164,4.9907986478,,16.849845529,42.293443265,,0.25425703449,,,,,0.737,66.988814362,,1.0859272768,16.737323472,0.22006368553,,0.50608641519,131.89944297,,,,8.7586187084,633.28212943,16.928619086,,,,1.4091188227,1.6261450127,5.7314770511,,,1.8536695719,41.308579699,,,16.928920781,,,2.5587638821,4.4184950912,21.944558056,1.1208870758,,,8.5593993584,1.0737758364,,,,22.024232926,134.57420833,,,,2.7010272766,326.12605752,1.2526533997,26.331859691,,,1.8549073372,0.274,,,,0.90866913844,23.49542395,25.055468209,,157.0507781,40.036746385,,10.793367267,55.14426219,13.485942703,154.80562963,2.0371230172,359.56606832,4.4181642124,76.338562887,2.2321522082,,,10.661330313,5.4020749913,0.21937918682,5.8854164629,,,,,,11.796143033,3.2247552443,,,0.382558695,0.41905622802,18.028522011,,,0.92672929226,,,0.73399244518,87.723514321,2.4329046362,,,8.3326478563,1.0968001191,,0,,0.31508554889,55.157621967,,7.3397224666,0.73370376445,,10.336864883,,,,3.4270974343,19.749577004,,0.80762587899,,1.0299691325,6.5199718861,17.132057937,2.3586623597,88.034085418,14.174197743,2.9161486446,0.83383306774,87.498446734,,,,44.560527066,557.42642721,0.1429758882,,,,,,52.610161732,0.92878651675,,,,19.530823716,19.954605484,4.4956343414,,,59.822188669,72.301788955,1.7311683729,,,,,,23.368454722,23.44030898,,47.813650654,1.4121126952,32.423859709,,0.35100128739,,3.2136831234,4.3071517809,58.781460175,,,,0.41845062813,137.19482653,15.234280225,182.75276982,0.99516276857,1377.7374592,1.3363609866,,,25.742198871,6.3113475611,,,0.74691527645,4.9125199251,4054.9719117,2004.9695997,3531.8877535,2528.0537579,1201.4042958,159.04038323,1627.9084072,25.989277523,2164.9579431,242.77908664,1597.8829269,75.514926025,165.86379404,149.79587342,6.536993169e-13,6209.7981097,
1991,1.2592261216,,,,,,33.075611577,1.2468941418,,66.576786258,24.860003886,5.8306851392,,3.1599451789,5.2863346787,,18.277554609,42.491628767,,0.26981374269,,,,,0.719,68.76006516,,1.3267148643,12.200167414,0.23406443486,,0.52606652794,131.67442256,,,,8.4385607261,654.98881689,16.519213677,,,,1.430055711,1.5231317012,4.2710567109,,,1.8820832294,35.640009956,,,17.947008801,,,2.7143724306,4.2821087048,20.829420126,1.2805279657,,,8.2614633659,1.0875002271,,,,20.347750003,137.64391808,,,,3.0976633733,312.31482809,1.3621160973,26.040283423,,,1.8573395681,0.28,,,,0.92868412556,25.105040955,22.833392794,,162.8781996,43.759586633,,11.264730321,58.160433652,13.639307021,153.19194357,2.0307273351,364.63650969,3.9554058346,56.606987866,1.9988673788,,,6.1696695953,4.7685426565,0.23590466139,5.4190204002,,,,,,12.517558337,3.3938115083,,,0.39946387651,0.42205597728,19.89404368,,,0.88703150763,,,0.76803277735,92.446061311,2.3880336228,,,8.4199927561,1.0167728954,,0.288,,0.41600659678,57.269571094,,7.3757866129,0.7235874078,,10.885438909,,,,3.6587106994,19.266326756,,0.83885684298,,1.0431082705,6.4639218638,17.190266367,2.4980313264,91.990884275,14.79849456,4.3076120293,0.84758496722,93.347866498,,,,35.474876834,567.19660862,0.12885795492,,,,,,71.361375792,0.99400383338,,,,20.266230394,15.641885943,4.2577677088,,,65.780994607,73.861593678,1.9078318606,,,,,,23.119516595,24.067840793,,47.800586581,1.2177749335,32.969279018,,0.37793855528,,3.3956805255,4.6248733347,58.305933745,,,,0.42525474654,124.78614674,16.700873218,184.70639104,1.0472340009,1354.0587083,1.4815327568,,,26.694029465,6.2679642823,,,0.80126120026,4.7630607468,4004.0096376,2057.0262595,3508.3219318,2552.7139652,1169.8222808,165.7613482,1650.1533475,26.475675852,2126.6218149,267.23185528,1578.7366033,75.776006395,170.27344404,148.3868104,130.438,6339.9222511,
1992,0.79580337223,,,,,,35.030746343,0.98787670922,,67.286113773,25.416939134,3.6200336234,,3.0534795713,5.6490268933,,12.374662117,47.055979581,,0.28337202714,,,,,0.758,69.28694842,,1.4075113629,11.513520843,0.23667010781,,0.5522587642,135.25100657,,,,9.0855189705,703.05495105,18.394971084,,,,1.5669454521,1.5881715373,4.9653961051,,,2.2717679932,40.462260338,,,18.939965372,,,2.9691858099,5.4205631905,23.250037175,1.3675275785,,,6.5549559897,1.1103468822,,,,28.29168613,149.00049266,,,,2.5699768382,329.54081846,1.2009704069,28.559057836,,,2.2099836486,0.289,,,,1.0443532499,27.29819777,25.994627773,,176.4631519,50.385127647,,11.733920391,59.766459738,15.805193805,166.9644386,1.9428074442,388.37619367,4.6653402035,35.030685567,2.3027154347,,,9.1895282675,4.8942091938,0.25134960698,5.0209578402,,,,,,14.326057239,3.330369643,,,0.40023188272,0.41676714366,22.248207665,,,0.94754664788,,,0.85032896316,94.523080579,2.5056915161,,,9.7924855858,0.97305203683,,0.314,,0.47200210414,64.974292268,,7.7342588772,0.86753838659,,11.982415711,,,,3.7471390972,21.17023919,,0.98117775221,,1.1880153855,6.5777304074,20.947562208,2.6864485447,94.844467172,16.391757657,6.266072631,0.89693593434,107.8615394,,,,32.842427212,211.93750256,0.13086405264,,,,,,78.042833702,1.0233647808,,,,23.010518415,15.29694279,5.3881550945,,,62.287043684,79.801400729,2.172730701,,,,,,25.567873797,26.09692913,,59.939854272,1.3658626691,42.364817883,,0.38555258992,,3.8239049279,5.8204358311,68.093257122,,,,0.43965979958,120.32006594,17.366491523,189.04684011,1.0237466111,1405.0834689,1.6718853498,,,25.964734098,6.2802413111,,,0.81618002882,4.818138476,3818.5809415,2189.238854,3713.0236036,2294.7961919,1255.9980753,169.35345327,1767.6671177,27.054598594,1855.8959843,299.18003227,1635.4055599,76.939595505,176.31760011,151.35104707,7.6738615462e-13,6159.1700238,
1993,0.72948382613,,,,,,33.774686389,0.49334872654,,67.536204442,24.314785738,6.5551964601,,4.2593503549,5.7322409044,,10.434453241,44.421495003,,0.31624815467,,,,,0.872,71.639807279,,1.4680778099,12.406800551,0.2349203589,,0.54134340302,131.73658351,,,,9.7093567109,752.4868837,18.88027178,,,,1.5740689689,1.7930132851,4.9682476187,,,2.0665869787,36.134249362,,,18.301935235,,,3.131983805,6.1676400948,25.072219639,1.4845508163,,,4.8961162353,1.1117752612,,,,23.236229559,137.69298913,,,,2.2028524846,316.70920207,1.3502179063,27.136890051,,,2.0716626031,0.297,,,,1.043693154,26.185705518,23.820161366,,177.93038353,52.991452835,,11.06601044,58.075416816,15.857523656,152.55319669,2.1303401737,380.51882998,4.482159701,44.968134914,2.3868948561,,,13.132313383,3.6209869244,0.2584549648,3.9938395067,,,,,,8.8462037794,3.3711538638,,,0.41943312954,0.46155415333,23.811135513,,,1.018748241,,,0.86938593531,96.191213059,1.6533017637,,,9.5911810648,1.068060223,,0.379,,0.52191300834,59.875642012,,7.7390884998,0.82544852949,,11.958028967,,,,4.1963878594,22.479592413,,0.94765433889,,1.2306147737,7.2493716061,19.754677569,2.8244426186,92.009499144,15.955982324,7.296452288,0.94316215644,110.19523214,,,,30.554074157,303.89773787,0.13180813486,,,,,,85.290387771,1.0537462202,,,,23.164171764,14.093686049,4.9991573237,,,65.286629345,74.237814158,2.1797981174,,,,,,23.771575769,23.808786945,,56.950539534,0.88086985127,42.003792874,,0.39893190725,,3.5134508399,5.3480054554,63.123602326,,,,0.48678839551,101.89868776,18.900832987,179.40286485,1.0967249938,1421.2561688,1.5355570655,,,29.722131428,6.8146144685,,,0.86473257618,4.5824850616,3800.883797,2269.0555508,3629.3951337,2440.5442141,1172.4522723,175.63274678,1820.8985765,26.838815572,1827.0083296,309.0758901,1649.7249885,77.229538126,183.52456145,152.31974063,1.1652900866e-12,6222.257178,
1994,0.64751152162,,,,,,33.885855012,0.4868469331,,69.872932482,24.258088366,5.1662874283,,3.885239587,6.3355369034,,8.2652107235,44.397635674,,0.36559978485,,,,,0.827,75.290168846,,1.4380823898,11.351747839,0.24358967216,,0.57875267166,133.16386977,,,,10.434996747,750.57004467,19.843707806,,,,1.8771944786,1.4874411078,4.8687405081,,,2.0669059759,34.238084525,,,18.780611699,,,3.3092904467,4.1199478255,24.680698797,1.6525390518,,,4.5391955331,0.91778201007,,,,21.37886322,134.37629255,,,,1.342549099,309.76540042,1.5569540265,27.112112944,,,2.3562303335,0.307,,,,1.0973851366,33.194444436,21.757244911,,186.51649249,54.492124217,,11.235253357,63.674792527,16.655099085,148.14788778,2.0758655889,400.62334983,4.9047399145,38.802944982,2.4795930893,,,14.788494377,2.9246121967,0.28483608056,3.7525766395,,,,,,7.8312012967,3.1503413949,,,0.45219865798,0.46900075005,23.852848038,,,1.003888682,,,0.86693507397,99.522728396,1.5927990751,,,9.7604836893,1.0758108825,,0.429,,0.58171198915,58.888357148,,7.9437142895,0.88192105341,,21.403275169,,,,5.1987622323,24.297231506,,0.99035424395,,1.3902313398,7.4066052255,20.569988235,2.3370793031,88.444444726,16.20619192,7.7286114966,1.4042793365,116.1569058,,,,28.479544117,321.08081842,0.12612536951,,,,,,83.641007032,1.0977241502,,,,25.024114004,12.240803417,4.7561707508,,,70.173279762,75.222619163,2.3792510562,,,,,,23.562361139,23.630902757,,57.302640715,0.44519340094,43.739512812,,0.40740288034,,3.0504732012,4.7731549375,57.385379448,,,,0.47046763469,74.84524309,21.687683798,177.3361335,1.0334644397,1449.9331998,1.4675144344,,,27.726957206,7.9704134808,,,0.87540242323,4.7445812358,3810.731019,2316.3174841,3658.6762566,2468.3722466,1141.8125657,195.50253631,1860.2831377,27.672716909,1778.0521079,317.73715035,1683.1779651,79.804635658,184.81228552,159.73699878,4.5474735089e-13,6286.7835915,
1995,0.69494443406,,,,,,35.031390947,0.7323058781,,71.409688853,25.384718085,6.332931953,,3.9199477133,7.1990116319,,9.528513237,45.472858954,,0.39001191162,,,,,0.831,81.532635942,,1.438332818,12.707477671,0.2476018859,,0.56342323604,135.3788752,,,,11.307075729,817.12706617,18.261092009,,,,1.8397862962,2.0193560711,5.3758868001,,,2.1320365696,33.73569082,,,18.600498605,,,4.0747962092,6.1094503182,27.2734531,1.8099628764,,,4.2777711919,1.0102353133,,,,20.543806169,137.02815722,,,,0.62151950989,311.14033955,1.6025075062,27.452893924,,,2.5046865781,0.318,,,,1.2176674666,34.674274375,20.835885532,,196.28519146,55.816640562,,11.509825606,67.503818876,17.610441418,153.74060472,2.3757024329,409.22134956,5.0368145585,35.382200533,2.8219745173,,,14.470271948,2.9476819304,0.31350185932,3.4646354055,,,,,,7.6398361856,2.4988887979,,,0.46347175302,0.48515156632,27.015137697,,,1.0171137842,,,0.93917227488,88.076953627,1.6230751409,,,9.9806423571,1.1527459397,,0.442,,0.76131679451,59.828259414,,8.2778291847,0.9374130577,,20.963459383,,,,5.4560105127,24.222886222,,0.97615478558,,1.5268478731,7.7738003883,22.056705446,2.2015063278,87.711666487,17.348537669,8.0139397747,1.5325706645,123.26117048,,,,28.796453939,318.9438611,0.12411604988,,,,,,68.041180625,1.0255909105,,,,24.568741954,12.702159616,5.1395871501,,,73.918950642,78.496915678,2.5387092081,,,,,,23.313476005,24.700141568,,58.952221396,0.22160146919,46.890173515,,0.46473192228,,2.7730623614,4.8827344048,61.087230904,,,,0.53629069759,59.845757238,21.613506556,175.85494108,1.1262477091,1466.2800075,1.6410045767,,,29.981277055,8.7362566901,,,0.86819648081,4.3531053592,3838.548082,2413.1356648,3703.1170458,2548.566701,1157.8959815,205.16725648,1957.010889,29.741256882,1779.2117729,312.12607258,1690.3300299,81.741498076,196.35182526,168.75864475,-4.5474735089e-13,6420.4399352,
1996,0.82589502013,,,,,,36.658211466,0.76110198897,,73.149758623,27.569266142,7.7251448332,,4.0372854608,7.4263105709,,13.13096958,45.187567237,,0.46421207092,,,,,0.752,87.878041275,,1.6317693196,13.336247692,0.25651956289,,0.63947616922,137.99388063,,,,13.194218187,852.97840108,18.141000433,,,,1.8008444103,1.9726247404,5.4020599998,,,2.4668207774,33.411834412,,,19.9342708,,,4.4595932751,6.3312333203,27.698126941,1.6682241706,,,4.5730282792,1.0820854557,,,,20.407771202,137.71771921,,,,2.1257350026,306.74198745,1.924828148,27.007119204,,,2.4061618353,0.337,,,,1.3042444053,33.527404575,19.232960073,,209.69596462,62.553516608,,13.649599084,71.588765663,18.182772444,144.95770154,1.9893736389,407.41495514,4.0992489551,31.3271115,2.5872653463,,,12.250820859,2.4012743833,0.32927878239,3.8911373478,,,,,,6.2053788832,2.5129395612,,,0.38934820212,0.55436587731,27.518513609,,,1.0525420455,,,1.0866177518,92.459548279,2.0427041334,,,9.1619366207,0.78173503302,,0.47,,0.76916695077,59.193315912,,8.7472003047,0.93548810224,,24.229498788,,,,5.247005267,27.030759639,,1.143502239,,1.4367885512,7.614650182,21.876304698,2.4392255771,89.835932013,16.587969883,8.3252259109,1.6679747653,133.9599176,,,,27.723404763,342.20025087,0.12664826706,,,,,,67.114595391,1.268064195,,,,27.778391325,13.17189023,4.9849193895,,,72.180020767,74.275445225,2.7798558303,,,,,,24.798468852,29.535435123,,54.724081569,1.1308427669,49.850124516,,0.45965975946,,3.5442850221,4.6950097879,57.49555484,,,,0.46936102214,78.630665017,22.227826517,183.63968755,1.0527361353,1512.1158703,1.9943704471,,,26.257654468,10.402906458,,,0.85447838903,4.5141505434,3929.6667179,2506.0665596,3767.5695847,2668.1636929,1145.8292972,205.17856736,2031.094166,32.387159171,1829.0949774,307.61462155,1743.2211759,84.235876567,202.90473985,182.76341284,-9.6633812063e-13,6618.4942341,
1997,0.60588021855,,,,,,39.194908353,1.1130451033,,75.230882847,25.959649053,6.9928312885,,3.8763390213,7.9466331144,,12.358742466,46.564868153,,0.51940149673,,,,,0.764,93.487327197,,1.2097863715,12.71633986,0.29564247167,,0.62326865179,146.75119382,,,,15.021811548,834.75964989,19.733947869,,,,1.9349887255,1.8742705375,5.717524713,,,2.2403158266,32.407213917,,,18.399250688,,,4.821961046,5.4138949879,30.858920872,1.976046232,,,4.3548870002,1.2018400826,,,,20.059843577,133.74388499,,,,1.895624488,294.28447495,2.3593294246,27.332344408,,,2.7846099244,0.352,,,,1.4711841404,37.508547737,19.082325971,,219.45119222,67.386405968,,13.408039474,72.672334544,18.880667448,146.20613406,2.168409347,400.75019817,4.8049563614,29.336089548,2.5594733476,,,13.433603931,1.4536308121,0.32570699857,3.7270763927,,,,,,5.9190412164,2.3373071846,,,0.48838481653,0.5433179261,30.748806343,,,0.99017082096,,,1.0809860194,102.35088833,1.6582188003,,,8.8096546392,0.51319375106,,0.483,,0.83582693531,57.67819106,,9.2343666721,1.0326978345,,24.540477055,,,,5.2595729553,26.692940451,,1.1783953119,,1.5921640687,8.5152603219,24.181168367,2.9858614389,87.934769164,19.32053224,9.5340517937,1.6533717351,135.8859801,,,,24.649282537,321.51004036,0.1316942048,,,,,,57.172151275,1.1660573561,,,,30.582451676,12.894452771,5.1353150898,,,76.036484627,75.790999974,2.8139879497,,,,,,23.525478821,26.289845607,,59.912434841,0.84626380397,47.382469415,,0.37408637377,,3.7790383139,4.6957100424,61.339346233,,,,0.50355789798,75.572944373,21.950050152,183.44192902,1.1626501105,1540.9406011,2.1839457281,,,31.671009085,12.445141391,,,1.1119410942,4.0844798268,3912.8429885,2553.2378556,3796.5094327,2669.5714114,1122.3797139,210.70745855,2038.7189423,33.877492603,1778.7078179,305.73708559,1790.6388032,86.839609264,220.85168317,192.20641352,1.9895196601e-12,6658.2834366,
1998,0.69214568542,,,,,,40.242653049,1.1006274251,,80.670275971,26.8732144,8.2422099951,,4.3884555572,7.9515286442,,19.497451477,49.309009371,,0.54643317135,,,,,0.912,95.364396895,,1.4836178214,12.52789972,0.47841791726,,0.77686450418,147.76678161,,,,15.302278827,807.7990572,19.808983068,,,,2.2187067285,2.3763278637,5.5881992119,,,2.7062001137,31.217475139,,,17.917725858,,,5.341708742,6.760744469,35.400182309,2.2284629109,,,4.6529230782,1.4100518894,,,,19.521330851,139.16401536,,,,2.05295572,294.8947925,2.251601082,29.312372222,,,3.3059251182,0.372,,,,1.7119002782,31.613473847,19.432224377,,223.7174033,41.963530406,,13.390612772,83.479812469,19.299177064,148.85203623,2.7191588852,374.86233799,4.9421825406,30.928016441,3.5504680307,,,14.836343212,2.9539804218,0.34182056802,3.6688044784,,,,,,6.0635468649,2.0915003714,,,0.60391148165,0.5291867093,21.64777257,,,1.2999055969,,,1.0207412643,108.87204987,1.7463054491,,,9.5432516434,0.75738219042,,0.496,,1.1211791323,59.078730217,,8.6000710543,1.148418313,,23.524918119,,,,5.5173376253,26.489978363,,1.4735948815,,1.5604610467,8.757607055,21.891697629,2.9726167219,80.987316501,22.090871433,8.6260010548,1.6616661185,98.46090165,,,,24.071115331,288.07304684,0.13141973686,,,,,,60.697606102,1.1829162205,,,,26.308790804,13.235447801,5.1895240408,,,73.529175691,79.634364711,3.0251653663,,,,,,23.95667738,31.902709055,,59.425523506,1.036763402,35.504648224,,0.52004723929,,4.1769443293,4.6683709429,61.924851295,,,,0.69118590245,66.645913598,25.307740197,189.95540391,1.1456942505,1586.1445014,2.3202986553,,,43.273337619,12.901872449,,,1.0508334767,3.6999108074,3922.6178295,2514.0053375,3819.8385621,2616.7846048,1136.7278359,223.5812478,1903.2145744,35.886806323,1772.7031789,328.46712067,1843.4562651,91.757840872,237.55137707,203.92149989,-4.8316906032e-13,6640.5419376,
1999,1.0323417856,,,,,,40.745332435,1.4115280468,,80.954027127,26.433753488,7.333622523,,2.6203969324,8.2548039214,,18.53385401,51.275251572,,0.54680141386,,,,,0.862,90.914152875,,1.2043557883,11.339860081,0.6072235133,,0.74409370995,147.91632103,,,,16.337756382,865.83188843,15.338818376,,,,2.6270225499,1.7502267371,5.9993601973,,,2.2908634322,30.11279298,,,18.950879592,,,5.5292186606,5.9120275111,36.595400854,2.159501044,,,5.3995883897,1.3769961858,,,,20.245418582,140.06249495,,,,1.6658219244,297.39257909,2.6147081347,28.241072082,,,3.3023781837,0.391,,,,1.8406497606,28.941451327,19.664257349,,247.43996342,67.50103482,,15.09253998,88.026203984,17.244197598,153.18318906,2.6411957135,399.90339182,4.7175492248,26.667644375,3.0596190414,,,12.05371336,1.5883268543,0.33413199069,3.3648093288,,,,,,5.4220158029,2.3615777604,,,0.69127928693,0.51639277128,25.526814831,,,1.1454584797,,,1.0424641593,111.31498874,1.806591823,,,10.426017272,1.0766367733,,0.454,,1.7049633962,40.118291474,,9.3273497247,1.227635683,,17.261559657,,,,5.2346620248,29.215565474,,1.5854693095,,1.5980380937,9.1090611893,23.447711989,3.1137564358,84.359435365,26.732480045,4.948663014,1.4040822846,119.04951119,,,,21.687307638,275.98699763,0.13717744495,,,,,,51.618437234,1.226948681,,,,28.222558613,12.361338218,4.9473543125,,,80.007832294,86.123367054,3.8392142905,,,,,,22.435486175,29.044842242,,61.743458123,0.91862680844,40.469279584,,0.51523488231,,3.7738423022,5.2428371881,63.017875927,,,,0.72524758251,64.910211533,21.767751135,186.1799441,1.1989365227,1634.8653531,2.7420052965,,,26.985760467,11.951058091,,,0.88851068746,3.8267211863,3974.292875,2592.1271086,3912.5466427,2653.873341,1136.7428225,214.34194474,2069.0609021,38.345303045,1742.4232222,299.63206394,1896.0448685,92.534519706,214.03182984,211.28215292,-2.4726887204e-12,6777.700499,
2000,1.1122366686,,,,,,38.616836435,1.1627683343,,79.39440258,25.129292315,6.4989204819,,3.0072998488,6.9822017972,,11.487439008,51.971360904,,0.65319399168,,,,,0.89592904902,95.598585459,,0.96058815233,11.575846593,0.37754569834,,1.3286635975,158.54634223,,,,16.280385008,890.42756153,14.882070549,,,,2.1814837188,1.9082217509,5.9098545964,,,2.1025467711,32.886575199,,,17.910325856,,,3.3403473479,5.4101789193,37.467440222,2.2666491309,,,5.5457926912,1.039296994,,,,21.580197404,141.71147299,,,,1.6720225834,295.75659354,2.1708126018,28.532708024,,,6.2782247321,0.35888512642,,,,1.0792892754,23.032802337,19.991179536,,247.86348963,65.488725224,,14.847167617,78.678711616,18.531076583,156.59372585,1.8043798671,422.69098118,4.8307753952,28.123416899,3.2626775508,,,9.0606781272,1.6877585478,0.67225282163,4.0107193995,,,,,,5.5125941025,2.2856734786,,,0.74013389055,0.22180136191,30.812259782,,,1.2573884832,,,1.2607338536,120.01053897,1.9242068725,,,10.488563482,1.1867019614,,0.42798937067,,0.73541242169,35.504166486,,8.7539887175,1.2084790646,,13.496422853,,,,5.6608388039,29.684308912,,1.314580746,,1.4831530023,8.5782024541,24.829792021,2.371420396,81.879096831,30.271894739,4.7036809585,1.6880725139,132.42960814,,,,24.581782853,271.89839192,0.1882827334,,,,,,56.227039058,1.3619255468,,,,34.658867753,12.622625107,5.2088691699,,,78.130149354,91.499803809,5.0752431927,,,,,,23.432870767,24.410013008,,76.668244269,1.4838765359,41.365420828,,0.24965359498,,2.7805090892,3.8648671855,69.63468931,,,,0.77640177719,60.56987628,25.252101238,203.086273,1.3485790177,1706.8613039,2.1845314124,,,19.909723642,10.05490795,,,1.0200788383,3.270421109,4092.4883334,2653.3382737,4065.3155656,2680.5110415,1150.1121251,199.9594416,2149.4428263,52.994842369,1752.6097576,306.18382034,1988.1973685,90.082440453,206.34366155,214.13375722,-1.6200374375e-12,6959.9584539,
2001,1.2241529139,,,,,,35.475450724,1.2183855978,,81.770364428,26.362330842,6.8752471615,,2.6732293534,8.033075453,,10.72347273,51.678271316,,0.84215068397,,,,,0.86998020717,93.636848169,,0.94451617866,12.389411857,0.41432847074,,1.5319163582,152.73115958,,,,14.628379584,916.52678292,15.114677007,,,,2.2139485081,1.7859337888,6.68473223,,,2.1478459988,33.300234673,,,18.109565375,,,9.3196122586,6.7092832919,33.050760768,2.2728836526,,,5.1706984653,1.2089801042,,,,22.174720592,141.59157925,,,,1.5724881324,294.80962788,2.3447097662,29.041191026,,,2.3951928038,0.34594502968,,,,1.1431893261,21.173712278,20.959885145,,249.54144595,72.669788115,,15.464362218,84.946682355,18.966937622,153.47241504,1.9573904956,412.65404031,5.3632743565,31.776221843,3.3060097512,,,10.756748164,1.2879317657,0.70140971764,3.7434741901,,,,,,5.4899497758,2.3490550183,,,0.71432446868,0.19713188608,32.340678471,,,1.3151336131,,,1.2047286976,122.48061738,2.0446144169,,,11.303011427,1.3220830665,,0.54660376862,,1.0859882775,34.759508599,,9.1681134216,1.2525051903,,19.381536392,,,,5.9065844896,30.148122031,,1.4135886685,,1.4931296628,7.8847860793,24.773325752,2.4207112635,80.62891141,30.944236405,5.6679854112,1.878149323,132.42708863,,,,26.285253301,303.61867962,0.13475558107,,,,,,60.001128315,1.4047945756,,,,30.096371986,13.199587721,5.4943193627,,,74.416038483,91.632120486,5.2355148528,,,,,,21.840560739,29.275715886,,69.698326773,1.4752642648,43.059028556,,0.21055057393,,3.3320779295,3.9111157151,56.013783843,,,,0.77549502102,70.148553279,26.411964408,198.29273363,1.4895418959,1685.8323049,2.0544906618,,,22.6009659,11.41486386,,,1.0884876832,3.107528058,4101.5089874,2693.2148219,4017.6657402,2777.0580691,1151.0389825,204.05661483,2174.1010698,49.381902352,1794.6229027,312.85014306,1963.42646,93.119911947,203.15101824,212.62753981,-3.0979663279e-12,7007.3499845,
2002,1.3927725857,,,,,,22.352406023,1.2103541523,,86.84060845,25.968276868,8.210020902,,2.9678074259,8.3991982484,,10.716482424,52.938812086,,0.89414594793,,,,,1.1855531131,90.50443181,,0.93831655031,11.798790367,0.4067991985,,1.940264681,159.07647011,,,,15.374595723,996.2112878,15.190019959,,,,2.8768871261,1.4362777344,7.1521699554,,,2.2813243973,34.089234822,,,18.140013495,,,7.8670742203,7.3132417892,33.220885384,2.2605198582,,,5.4097347482,1.0525214829,,,,22.260698894,139.51502041,,,,1.4646409066,280.29561054,2.2526098432,29.872145034,,,2.5419929457,0.35542056578,,,,1.1825065097,20.661733768,20.502169195,,253.50628007,75.186158579,,15.829792496,81.834522527,18.360678258,157.16186133,1.9569761599,409.84883922,5.6074469162,33.971771514,2.7586555673,,,12.357595107,1.539817792,0.72834058205,3.7029840065,,,,,,5.2829697105,2.6797093559,,,0.54495325889,0.2282060088,33.898639368,,,1.3822227087,,,1.2263797686,123.59317016,2.1265390042,,,11.785896713,1.2844143048,,0.44001010793,,1.0014665858,35.957577488,,9.3663054287,1.2464874364,,19.447758768,,,,6.3531352132,33.098080596,,1.315430319,,1.4363576983,8.1783636995,24.590854609,2.945299412,77.739379342,31.117572708,6.4932324839,2.0759036224,143.17773524,,,,26.195698518,305.36493614,0.13250707848,,,,,,63.599446012,1.4256864546,,,,30.341767214,12.490444283,5.3261188797,,,69.327883494,97.941373874,5.7748958356,,,,,,22.365331728,26.63781699,,71.337610149,1.8727712794,47.400750442,,0.31190774682,,4.0605453409,4.0796275076,61.474911771,,,,0.80585880085,68.541515354,26.233256042,200.71501862,1.606110222,1717.6514852,1.7340228521,,,22.169401938,12.911851908,,,1.1068696458,3.3144159757,4136.3822457,2809.55101,4070.3242728,2875.608983,1145.3970373,201.7738079,2287.5642745,57.947801819,1790.1443887,317.79034242,2003.5461789,99.018630493,188.12598998,217.9042057,-1.1652900866e-12,7163.8344593,
2003,1.6119828609,,,,,,30.66405675,1.0820865742,,91.369875643,27.560563397,9.2608979015,,2.3071882178,9.3975203548,,11.082747972,56.411741212,,1.0170624161,,,,,0.70878460976,88.436585873,,1.4752535192,12.634537257,0.43426180446,,1.7477976518,157.57959614,,,,14.717088741,1112.9247877,15.771982641,,,,2.5200387864,1.7542539031,6.9094955266,,,2.3405241392,32.999423738,,,18.451825504,,,6.9669288783,7.8764495921,37.579949601,2.3039673786,,,5.6502075557,1.1115524725,,,,24.410200805,142.35640284,,,,1.5890062677,291.28421781,2.6153108844,26.559193514,,,2.4871440982,0.7483814455,,,,1.4500890447,22.700797003,22.238701024,,267.97350437,86.52704868,,19.679915297,98.564542043,20.87047629,161.48854185,1.9982271258,416.75890126,5.4434642074,33.992628106,2.5700938025,,,14.158657487,1.4278819778,0.54686568433,3.9840049789,,,,,,6.1761422043,3.1466067219,,,0.77353608883,0.26877400972,34.584856759,,,1.2173827707,,,1.2815620524,123.23334093,2.2623928649,,,10.833147478,1.4034350051,,0.4600243079,,0.69447808937,49.880036438,,10.286374343,1.3673010245,,22.677554119,,11.537826639,,9.3052192476,32.830262486,,-0.10360300378,,1.5550291247,7.7626834236,24.978904783,2.7810171521,77.704962808,30.593930087,6.3585222038,1.7573465049,148.04901907,,,,26.625277647,317.03468674,0.136317943,,,,,,82.845638225,1.6356978672,,,,28.084086409,11.986170741,5.1664502265,,,76.163033229,97.884903509,4.8158137545,,,,,,23.989848569,26.023440084,,73.010225473,1.4811129872,48.728942279,,0.33707661038,,4.5861030747,4.2706363516,67.591007349,,,,0.74773346262,64.703591429,34.237212696,204.29747169,1.6723415814,1770.936975,1.6858589922,,,28.989470441,16.444769081,,,1.0686834919,3.1271890518,4257.1715082,3062.0825388,4193.5647048,3125.6893422,1189.3312082,223.38404819,2450.0308523,50.555680404,1851.2498941,382.17902445,2056.7579586,103.955979,201.12694007,226.77816315,1.1368683772e-13,7546.0287403,
2004,1.4963092504,,,,,,36.331674824,1.1560653993,,94.017665369,28.579776067,10.991346464,,2.0803873953,10.060040611,,11.402824037,59.678007806,,0.95812970906,,,,,0.72441646291,91.809192932,,1.4589556336,12.487510993,0.46676402885,,2.1567399522,159.40633838,,,,15.595871596,1177.836575,15.571193298,,,,2.6151684345,2.0472691201,7.0723863705,,,2.5317254905,31.511541891,,,19.184220545,,,6.5249810499,8.4852135262,36.401667739,2.1818867548,,,5.6828952581,1.1244803995,,,,23.288486295,148.05004382,,,,2.0277736588,286.76955764,2.5796057751,25.627645693,,,2.5867507881,0.46193887279,,,,1.5289427325,22.490288476,21.746568299,,282.76521853,88.00826114,,18.190931628,105.34939252,20.750380728,166.16909618,1.8533025037,418.98669652,5.9992849302,35.607948242,2.741388213,,,14.494740226,1.8128814554,0.64360102678,3.8057662436,,,,,,5.8918212454,3.5815630499,,,0.77373089248,0.22867973304,36.735056521,,,1.1746520872,,,1.3849172421,128.32151716,2.3204534276,,,12.447930603,1.4063254865,,0.52224826638,,1.1754353926,52.003755566,,10.639521772,1.4108457168,,23.255842733,,12.270487257,,7.2542047936,38.593312396,,-0.081164500306,,1.6181429147,8.4549398444,25.71564095,2.705953235,79.345507368,30.239698051,6.2768964096,1.6828280387,150.86852247,,,,26.944727826,323.42347413,0.15085117534,,,,,,95.957777485,1.6995819566,,,,32.848012763,12.578596013,5.228593082,,,88.098780796,105.23493409,5.4641206163,,,,,,23.856789878,27.089759062,,83.776320077,1.4819665543,53.706642054,,0.31148752024,,4.4780779155,4.2688300698,76.316348999,,,,0.81027651135,61.784047135,36.154980885,207.41722533,1.8634747568,1806.1224393,2.0423421299,,,26.230317806,18.743889805,,,1.1324119726,2.6583923435,4324.8431972,3239.7877082,4275.2861043,3289.3448012,1206.4567985,235.60397263,2575.9595278,46.248352546,1878.0099113,416.53365367,2095.641533,106.86031289,209.73909957,246.56134515,-1.1084466678e-12,7811.1879393,
2005,1.5745663865,,,,,,38.323833316,1.5754828728,,93.884748523,29.140911055,9.5983492813,,2.1775762797,10.606373848,,11.73859262,61.745333225,,1.024748073,,,,,0.72291391633,95.526902427,,1.3887766701,13.242563444,0.46088185781,,2.6354477271,166.19728601,,,,16.596201559,1287.604678,17.347538329,,,,2.5983307807,2.0847549695,7.0660900217,,,2.6374178822,30.112363696,,,18.243056024,,,8.8686831415,8.9996223076,40.801498254,2.2528799288,,,5.2817372717,1.1112298236,,,,22.041000082,150.5612708,,,,2.3956245637,286.35779636,2.8010709438,25.550622318,,,2.7743677276,0.47692962469,,,,1.4618899831,24.047135082,21.376934047,,299.23188915,89.573123752,,19.817918528,108.59615205,20.096689607,168.84882143,1.902662929,421.1747305,6.6811215777,38.793226948,3.1728562381,,,17.923129753,2.0176162755,0.63048839371,3.6613795358,,,,,,5.8553617418,3.9349660613,,,0.7975243498,0.21458861731,37.486496707,,,0.89968839873,,,1.2159445562,133.82438244,2.3813030912,,,12.879376958,1.5186199389,,0.60967096046,,1.2573345805,59.016258433,,11.39214869,1.4063395164,,25.704885621,,12.046076782,,7.2269155074,40.092018874,,-0.47858101647,,1.5770425341,8.9908757115,25.72046196,2.911984451,78.996323268,35.107762849,7.2762119268,1.7106494595,158.661312,,,,27.497737387,327.11801756,0.13684198076,,,,,,95.292365861,1.8478033635,,,,35.331115414,11.686156879,5.1823731066,,,81.632237117,112.23681009,5.5423273228,,,,,,24.921559827,29.604527393,,82.463045866,1.7520983223,57.233159633,,0.33558485522,,4.1171187655,4.2572256336,83.33505936,,,,0.96984230594,68.510877928,39.442727583,204.73101951,2.3792011334,1835.1703005,2.0665096137,,,26.269886909,20.023353659,,,1.1035209184,2.9831303165,4398.4119838,3421.6192938,4357.9736011,3462.0576765,1231.0202138,240.66103749,2727.4652417,41.999538255,1911.2696813,434.95859608,2135.8104192,108.0173568,219.535865,256.42036761,-3.9790393203e-13,8076.4472885,
2006,1.5510641453,,,,,,41.179573854,1.3993194467,,97.174177465,30.039973298,10.073968744,,2.1742229362,11.345681473,,12.800954319,61.656772576,,1.5620621207,,,,,0.63346174151,98.044100661,,1.665324195,13.892415302,0.54186795667,,2.9037965944,157.22870794,,,,17.486861127,1401.5973857,18.727012681,,,,2.8904464451,2.189898285,7.7293192699,,,2.7021194706,31.483137009,,,19.810994934,,,9.1027823865,9.2905176404,43.274114817,2.4978796845,,,5.7854211794,1.2305295789,,,,24.482685338,150.22657068,,,,2.4471179696,284.58835461,3.4971895084,26.204037734,,,3.0561575013,0.48601258951,,,,1.7433885891,23.846889083,21.518333955,,321.74769716,89.963423286,,19.677433598,118.10129826,22.025923172,174.79570262,2.064976454,413.82574559,6.6579227737,44.29087751,3.6141271532,,,17.440631922,2.3649281384,0.82578205803,4.1521993765,,,,,,6.3252163914,4.0633294089,,,0.74718664382,0.23898502759,37.844102189,,,1.0525380986,,,1.3184714977,137.74455889,2.613607575,,,13.521360465,1.6402871312,,0.59375115639,,1.1781211927,63.013715201,,10.871905633,1.5496721613,,20.236921552,,13.579597102,,9.6606725532,42.825511138,,-0.0737957478,,1.6276695711,8.8289802404,22.875021503,2.9964835882,86.585752299,31.301158989,8.6100658398,1.7037183621,165.6975185,,,,28.801353512,338.97180166,0.13961076994,,,,,,107.55488504,1.6066799561,,,,38.548091646,12.318418779,5.7132020362,,,90.986675983,113.62078611,5.6763836552,,,,,,25.255641828,32.069226956,,83.737415647,1.9854782515,56.626345329,,1.0146990655,,3.6184860942,4.3931074391,89.764508704,,,,1.1029806565,72.659501815,46.823781803,205.79313657,2.3678345905,1830.7094914,2.2689395235,,,26.378770547,20.573171203,,,1.2552885071,3.0728089314,4427.0637173,3655.3462228,4387.2512804,3695.1586598,1256.7965836,255.60458039,2878.1455508,45.342128263,1962.9760148,474.90956519,2126.5344663,110.92872707,227.70676888,270.69845915,9.0949470177e-13,8353.1023949,
2007,1.6255410093,,,,,,42.589860594,2.7590251911,,100.25237715,28.815694866,8.3941369171,,3.1080880455,11.536878991,,13.470409572,64.057473013,,1.7290142438,,,,,0.74369464587,107.25049678,,1.9233483231,14.745433757,0.60692876853,,3.0479539243,163.60661911,,,,19.120491319,1513.4886403,19.55752634,,,,3.2785637837,2.2408307175,8.1055598607,,,2.9351267679,33.239928627,,,19.141995055,,,7.679569025,10.465950086,47.072680942,2.4913484745,,,5.7970700848,1.3170294638,,,,24.214344129,150.19272278,,,,2.7669544681,283.94270973,3.6767047272,26.471864229,,,2.9819250754,0.5074089564,,,,1.8520524312,23.44560868,22.443906517,,353.80917542,100.41842041,,19.820440396,133.00698162,22.153383884,171.24047267,2.0631201125,416.05201819,7.049500711,47.514215578,3.8862560148,,,18.490286216,2.624303813,0.8863734159,4.8413152703,,,,,,6.6571254441,3.2432764607,,,0.79252629216,0.23056765879,40.427816692,,,1.2923985368,,,1.297144479,135.85093768,3.3450673097,,,14.813443888,1.9462641621,,0.68824339877,,1.3068308188,54.397703054,,10.944174779,1.6760221639,,22.451422328,,14.983640853,,11.109055417,45.843700647,,0.15400204883,,1.8547238128,10.80464762,24.689436711,3.1311014178,88.73258639,31.525370634,10.122028789,2.0338742288,172.67385989,,,,30.911394371,358.47132425,0.15102594062,,,,,,100.91582334,1.8260260079,,,,35.813468784,13.273575813,6.2393363547,,,92.80341771,116.93277629,5.2701744782,,,,,,25.054244368,29.336547654,,79.154470991,1.4422394557,57.863479877,,0.35833470403,,5.2572500142,4.47906448,99.542579039,,,,1.2342088308,79.940446298,51.670242184,205.32693151,2.5080196869,1812.0134637,2.3937053269,,,28.827107254,21.29676566,,,1.5521345529,3.0109456656,4446.1741134,3864.6071405,4391.842766,3918.9384879,1258.2658455,265.46272615,3041.1664678,45.137707017,1990.9672829,494.3629306,2112.232329,114.39877185,246.9396586,286.3159118,-6.8212102633e-13,8597.0889779,
2008,1.7855884921,,,,,,47.141287756,1.7817412162,,99.015006489,28.304611616,9.2170447072,,3.671536527,12.196009867,,14.219645237,63.940948723,,2.0551180671,,,,,0.91024374764,120.96145084,,2.1025488065,15.011042217,0.61321460407,,3.6096860765,159.30286456,,,,21.82214585,1629.1095711,20.966897614,,,,3.4500879602,2.2394550984,9.2028170541,,,3.2289759933,33.892941169,,,18.658276509,,,7.4234635994,9.7338673613,49.883124787,2.4231796947,,,4.7763903013,1.4568681919,,,,22.563964234,148.40825859,,,,2.5258007983,283.41478943,3.7812611728,26.527209519,,,2.7428888454,0.53209397999,,,,3.8067958522,23.291162159,22.787365742,,376.90107034,100.43386478,,17.806828102,139.32022947,24.766457367,167.9727206,1.9167056773,410.12791425,7.8057123993,43.36813253,4.1269212478,,,19.5101837,4.4400663694,1.0559938911,4.4304706807,,,,,,6.1585930936,4.3282320565,,,1.1465695876,0.25411943527,44.818081676,,,1.6146697952,,,1.4538037847,137.87306909,3.57127388,,,16.361339554,2.2559162633,,0.88247396511,,1.6757450223,60.485766941,,11.044431513,1.5437170212,,24.623564387,,13.905005096,,12.093308625,45.768064338,,0.024718273736,,2.2290499394,12.522360945,27.27804181,3.2971372183,89.834117402,31.390864381,10.54503874,2.116148798,174.4075151,,,,31.802502644,364.56194446,0.15134332911,,,,,,113.27960132,1.9492621636,,,,51.518922571,14.164737371,6.3774273019,,,92.870494439,107.3335973,5.6296554865,,,,,,24.56184034,29.09288058,,77.571381597,1.7604025091,60.663864718,,0.34446158,,5.0735302155,4.5730523032,96.060650512,,,,1.3052694905,81.636257148,60.079091638,196.40190254,3.1465517266,1723.6217718,3.0283033017,,,29.062813774,24.084818945,,,1.7739459291,2.832237049,4333.9681217,4122.0449574,4276.0943323,4179.9187467,1248.9799591,279.36650603,3209.6956093,45.276340873,1981.8052898,532.10313845,2021.5696248,113.91070098,271.70947317,289.05666036,2.9558577808e-12,8745.0607329,
2009,1.887171082,,,,,,43.031830319,1.6064442406,,107.64913115,26.008593162,8.7016891641,,4.6456030929,13.295717134,,15.401548063,54.732093697,,1.7629888918,,,,,1.0514774859,112.94363724,,1.7625735126,12.25557313,0.80363744364,,3.1765638907,156.98974654,,,,17.520002347,1834.4412188,21.583819002,,,,2.8518241374,1.9435899353,6.9989872116,,,2.3830242854,31.149906377,,,16.982082669,,,15.127987493,10.150744983,54.327285156,2.1568463341,,,3.8402107095,1.5301721639,,,,19.048495606,137.81775476,,,,2.059740028,265.44225688,3.2113024209,28.925030516,,,2.7467954954,0.89515810276,,,,1.9027887916,19.677582149,18.924922608,,416.2780822,107.88816284,,14.416458671,140.75352181,21.824072097,154.26198999,1.5036551528,380.97880816,8.2572165914,41.98465811,4.6913189154,,,20.943795535,3.5708269159,1.362898684,3.2811311556,,,,,,5.7937654187,2.5708640365,,,0.95806276044,0.24699849834,42.962006164,,,1.266432445,,,1.3274339687,132.61551245,3.6707680489,,,15.60039739,2.3495150235,,0.80768173795,,1.0027680874,52.922763022,,9.7177047416,1.5099054641,,23.581473738,,14.046454243,,12.011708814,45.601515655,,0.32572011913,,1.9388031896,12.50979217,25.527756594,3.4296729376,84.696068041,26.05850325,12.853144623,2.6488204223,156.86433949,,,,25.333759367,351.20870733,0.15053348532,,,,,,129.22272163,1.7122697919,,,,28.573062761,13.294119284,5.2886020337,,,94.706777317,94.308705846,5.2150221901,,,,,,21.081073371,28.354910143,,66.420640893,1.5951396696,60.849548309,,0.59508166831,,6.7719346869,5.1734308488,89.11133907,,,,1.4799755068,68.55450013,55.4007607,171.59727799,2.7046959931,1577.3605303,2.7781011074,,,35.563857058,25.987325369,,,1.4705480042,2.6438805227,3992.730732,4325.5348393,3937.2395737,4381.0259975,1129.0831675,291.40271567,3364.6138488,50.357766975,1807.5535021,551.40190566,1867.5527433,122.80822384,262.57486487,277.01647083,2.842170943e-13,8595.3238471,
2010,1.8052426356,,,,,,46.891449384,1.4451810009,,107.80071623,27.622608154,8.2558992532,,4.9563609383,14.443105173,,16.855812484,58.979653447,,1.9617422342,,,,,2.7515056061,132.32068735,,1.7899557166,12.264651418,0.86774763974,,4.3035337516,165.69308701,,,,20.10601842,2002.401904,23.291422833,,,,3.0354477968,2.2012311967,6.5884178662,,,2.3613326069,32.930984671,,,17.016770226,,,19.574142791,10.939980458,55.16141478,2.1622195011,,,4.7065557689,1.3703847693,,,,22.550173475,137.35494384,,,,2.1595713525,278.96099729,3.829496306,25.084071389,,,2.8193342477,1.1850604859,,,,1.8270259016,21.842972231,19.693190898,,430.58568037,121.57292706,,13.660609482,131.23733765,23.24773262,164.88429361,1.5194169437,395.07899072,7.4267646953,37.906562751,4.6618906389,,,21.441982086,3.1006212547,0.61634335579,3.6459019748,,,,,,5.6390805304,2.942049524,,,0.87498981143,0.247142956,48.652273819,,,1.6120807261,,,1.3342692479,135.18496057,4.0058819659,,,16.182616925,2.2524958425,,1.9466291467,,1.209582987,60.703639589,,9.9104115735,1.4633732661,,27.2484054,,15.117324681,,12.403406136,45.24271442,,0.31440329411,,2.3825213731,14.381943533,27.91606093,3.5616351908,89.997822624,26.156395322,12.024590509,2.6240901196,177.54531359,,,,25.673635134,371.72342761,0.16721782251,,,,,,141.34018027,2.0039553002,,,,30.000617191,13.969110956,5.4418309096,,,91.979887076,89.571527494,6.0133666728,,,,,,23.511023617,27.535515075,,79.669321844,2.130694725,67.328732484,,0.53892852246,,6.7890418355,5.6079901746,96.728827901,,,,1.6255527584,67.79386793,56.290140078,184.71223755,3.0327467842,1628.2242109,2.7145316166,,,38.018416198,27.698567002,,,1.4129188876,2.5285494148,4144.0244543,4651.4074711,4103.5083249,4691.9236004,1173.5233525,299.12683708,3628.1926502,58.793999338,1884.9562233,576.74855849,1929.5274999,122.29581227,295.79034484,294.6913793,-1.8758328224e-12,9090.1550168,
2011,1.9500783109,,,,,,51.781207922,1.4406919179,,107.54331522,28.154849413,8.8199863967,,3.4162543471,14.784763186,,13.934636752,60.017189771,,2.4428447605,,,,,3.4392287828,141.70615859,,2.388328161,12.813198254,0.76857207441,,6.0556872855,164.10517589,,,,23.023672645,2221.0447476,24.055609457,,,,3.3492552656,2.142384361,6.3421108659,,,2.2790749021,31.602155894,,,16.335583819,,,14.152158481,11.751819321,58.184983141,2.2878345814,,,5.3313767176,1.5062071277,,,,19.297716757,136.76436327,,,,2.7465457333,267.95599765,4.7755277499,22.500584072,,,2.6113995294,1.2956997706,,,,1.8733602373,26.494988115,18.901564404,,445.1694064,137.50896728,,13.064226627,132.97632173,23.846376458,158.94933823,1.6064592236,417.07621416,8.1849519327,34.417595347,5.3159200157,,,20.746439436,3.5143604163,0.60762973212,3.6766182935,,,,,,6.4430373857,3.3235864806,,,1.0308412854,0.2681868807,51.97639686,,,2.2231447073,,,1.3604517302,146.74053832,6.3595208789,,,17.188581939,2.9589776031,,1.9208306095,,1.3178690011,57.737707783,,10.049692358,1.499339338,,27.796200955,,13.970087157,,13.317580117,46.024473094,,0.0055763041179,,2.7160694816,14.968811483,29.884922882,3.9746427546,88.849645656,17.19304021,9.4698641807,2.5372223346,184.06309563,,,,26.284841675,388.83606433,0.19138688541,,,,,,135.73265465,2.5075631376,,,,58.105938669,13.401258954,5.8390878117,,,91.715178692,87.607908731,8.0624975518,,,,,,22.996005105,28.374988745,,82.990680755,2.0808018223,68.986941372,,0.51781347262,,5.0851947309,5.1834611567,105.87000182,,,,1.778368717,73.348445128,60.392328267,167.14800876,3.8569609904,1588.1297844,3.2141995487,,,32.75297083,29.188352181,,,1.8358522776,2.8480945241,4090.854129,5005.1747949,4056.6534979,5039.3754259,1135.8852134,316.01793782,3958.6369405,51.184419035,1853.1752048,583.22798399,1899.5962909,122.87878605,311.31136076,302.47906197,-1.648459147e-12,9398.60004,
2012,1.8680360628,,,,,,51.788510228,1.7789546566,,109.63438684,27.176087211,9.725441179,,3.3682004419,16.78161706,,17.369927468,57.113634693,,1.9687425721,,,,,3.2521633605,151.03658176,,2.4711812757,11.974771097,0.89552228744,,5.9181680956,157.76088355,,,,24.19563168,2319.3914925,25.830521146,,,,3.3286115679,3.0535969883,6.4136937128,,,2.2238998203,30.241143407,,,14.421912326,,,15.879560473,11.616171714,60.421351997,2.1685529617,,,4.8062611935,2.0437087718,,,,18.494500372,130.88270833,,,,2.9645427665,250.33044927,6.0730610011,20.367530142,,,2.6288247589,1.2499102538,,,,1.9059955684,29.565221248,16.857020918,,488.50299563,146.78381858,,12.75959796,148.68179995,24.026651022,144.21951911,1.5357658195,432.87410828,9.3642700083,35.298150662,5.5872136528,,,21.726565259,4.9386397549,0.71211770417,3.6333757274,,,,,,5.798579052,3.2837027423,,,1.1097923944,0.29231462592,57.383987825,,,2.1702947,,,1.3830503949,149.68790085,10.011252743,,,17.487447212,2.685249457,,2.4843176448,,1.3834191543,51.677598382,,10.588877455,1.5574678185,,20.787356333,,13.161225241,,14.748868224,46.714190982,,-0.58698913968,,2.546826745,15.865632363,32.326603746,4.4342031351,88.588641714,14.185894718,12.158641596,2.6890840844,178.92003401,,,,25.360396603,401.57484895,0.22429700152,,,,,,149.50604577,2.7422882371,,,,66.804823014,11.832958441,5.1559925325,,,96.713425636,80.538681354,8.069496198,,,,,,21.154504634,40.872859719,,76.998619186,1.8082175157,71.313764264,,0.58297189339,,4.0975715793,5.5681596099,108.76362924,,,,1.6185876604,74.493284749,62.685508712,173.51491007,4.106607617,1542.6349829,3.4900742776,,,24.147251771,28.242522382,,,1.9658542659,3.2437060049,4015.2846122,5220.1608825,3971.6295091,5263.8159856,1061.6633502,325.29058147,4140.8582397,50.532862155,1813.8607593,613.12635541,1850.8348806,124.74893598,316.19288009,299.30577322,1.4779288904e-12,9534.7853087,
2013,1.7951498207,,,,,,54.166987085,1.6480043623,,103.88253811,25.903048513,9.9214400056,,3.4368314435,16.657010603,,18.116752678,57.301079174,,2.1032355994,,,,,3.2775753454,161.33150153,,2.3381772885,10.423064219,1.0073429701,,6.8224415089,157.74589964,,,,24.522000114,2381.262002,27.666045171,,,,3.3220233822,3.3998307334,6.4236045474,,,1.7723669134,29.726660823,,,14.274834338,,,13.168177808,12.449723982,58.306143729,2.1548669823,,,4.6882338827,2.2553241624,,,,18.148896575,127.34300954,,,,2.8416449424,253.58529635,5.5483586674,17.293613744,,,2.9294795596,0.56118400579,,,,4.7829979524,33.365759659,16.551064385,,486.18706602,139.99162684,,12.692277857,138.39624695,21.665732267,134.10212788,1.6390910966,418.49912715,9.6974594898,42.040149584,6.3974970741,,,20.901971491,4.6659312686,0.91333132996,3.4778460513,,,,,,5.7572731907,3.1682225868,,,1.2973089697,0.27981209294,65.305648397,,,1.7711018403,,,1.3963590452,152.02123233,11.863796552,,,17.348986702,3.6766338961,,2.510398322,,1.6103829375,51.700618055,,10.735431731,1.5752170084,,30.677611349,,13.341835638,,15.541022018,45.065028864,,-0.32819344806,,2.6857976816,15.699793714,35.237468852,4.6819103663,84.913674352,13.582860795,12.768146908,2.6256658591,179.23499075,,,,21.753661377,390.99146644,0.21022878904,,,,,,146.39400224,2.6810644075,,,,70.770141019,11.805520613,4.9320688578,,,94.911709661,75.22959276,8.2832773112,,,,,,20.22887549,38.466729396,,79.105658585,3.2384108537,72.801337337,,0.40978246465,,4.0796566412,5.6241250121,105.71043721,,,,1.6426578891,74.607764611,65.415217574,168.7742643,4.9886499813,1566.215219,3.386439115,,,29.097142771,29.468569357,,,2.0664775621,3.3219443106,3969.1395436,5342.9840863,3938.8592558,5373.264374,1028.5504947,338.17367082,4213.1656523,50.033127166,1761.4918815,615.50876064,1876.7426081,119.87533363,337.13259561,303.67995939,8.5265128291e-13,9615.8480098,
2014,1.7774298568,,,,,,50.555291991,1.58816246,,103.71397831,26.012234697,10.171140605,,3.949853446,28.577514985,,17.196597981,57.911446611,,2.0869096312,,,,,3.7051076291,167.11847728,,2.3721575155,10.610236724,1.0333504049,,6.3883412913,152.4899556,,,,22.666037175,2405.9919538,30.979024646,,,,3.3018589188,3.6160103064,5.2209257426,,,1.9327756189,28.032148744,,,13.908662698,,,10.050832876,13.461211134,65.637130768,2.1776224252,,,4.7265666283,2.8852186787,,,,16.770632687,118.60939674,,,,3.0718102345,247.31126676,5.7478184077,16.249145182,,,3.1120896509,0.56326596414,,,,1.9969218953,30.922299194,15.797897876,,534.88503892,139.18818158,,12.86706753,149.20333958,22.200629649,128.82640792,1.6494962811,394.46858262,9.7512233269,42.419472723,7.5796647002,,,20.614153194,4.8892811973,0.96154621459,3.2408113413,,,,,,5.80036356,3.0924963076,,,1.3545998604,0.25905729099,65.307243321,,,2.0773916263,,,1.4603971836,149.70905024,7.9638348813,,,17.303975033,4.9707516679,,3.140504132,,1.8973305673,46.594050527,,10.666299481,1.7581065704,,32.075467917,,13.231908757,,16.318753996,47.24014073,,0.059689998603,,2.7538630802,16.854748362,37.06320946,5.3522100409,82.295008767,13.347573318,15.506217124,2.8924558568,183.66821614,,,,22.278108215,380.79960313,0.25114117771,,,,,,166.23142545,3.1119134888,,,,51.263300345,10.808196614,4.7967866669,,,94.845561323,76.696929578,8.7657088467,,,,,,19.96599729,37.601216074,,79.95560736,5.4193753496,69.075247521,,0.43843688764,,5.2642276637,6.0645758584,109.03096433,,,,1.7828267718,60.691502904,65.7878527,162.78686323,4.9494662179,1593.0188505,3.1037166184,,,40.939914742,34.401364913,,,2.3445681255,3.4781334097,3902.1676509,5471.6407134,3900.8009968,5473.0073675,995.78052597,361.76251842,4272.4419692,44.489870322,1693.8687647,630.15346859,1896.0527645,119.74383261,355.29517591,305.78981779,-1.8758328224e-12,9679.6383293,
2022,,,,,,,,,,,,,,,,,,,,,,,,,,,,,,,,,,,,,,,,,,,,,,,,,,,,,,,,,,,,,,,,,,,,,,,,,,,,,,,,,,,,,,,,,,,,,,,,,,,,,,,,,,,,,,,,,,,,,,,,,,,,,,,,,,,,,,,,,,,,,,,,,,,,,,,,,,,,,,,,,,,,,,,,,,,,,,,,,,,,,,,,,,,,,,,,,,,,,,,,,,,,,,,,,,,,,,,,,,,,,,,,,,,286.39232936,,10139.133388,
2015,1.6138145402,,,,,,54.568893906,1.6062610391,,104.18397607,24.314734906,10.144490217,,4.9729795869,19.946357999,,16.380746583,56.870551635,,2.1330480368,,,,,3.4885388623,149.60037045,,2.0611006888,11.059360032,1.2292057579,,7.7766112619,147.75834375,,,,23.52521653,2420.3346571,29.913185455,,,,3.2997504867,3.5774137662,5.8639071836,,,1.826245749,28.51441824,,,13.396979009,,,9.8434778234,12.875332698,67.426185573,2.3468179565,,,4.9102502544,3.1214752289,,,,15.044443598,115.30158925,,,,3.1973286946,243.84929954,6.0277917064,15.252262633,,,3.6664941744,0.65807447311,,,,2.2212199321,24.838692347,16.177353136,,571.83440351,148.94068013,,12.661937093,162.1617743,21.917049125,124.00768631,1.761773797,371.25607419,9.6847514086,53.453945294,7.5508293682,,,26.367903452,4.3912860602,2.0040573579,3.2668367133,,,,,,5.5719645705,3.0029737588,,,1.3248170102,0.27010642797,62.190404526,,,2.300035149,,,1.3747274876,147.18668688,6.4164143124,,,17.382783787,4.1938326049,,3.0183522069,,1.7272072553,46.190823921,,10.553065058,2.0256354671,,31.893152122,,13.766528095,,17.773286304,51.4510704,,0.38109981933,,2.709629341,16.862532628,39.251566001,5.5605655787,84.892127797,14.167759452,18.455893736,3.0395508695,182.21714909,,,,21.696134916,360.97181188,0.2944852244,,,,,,190.89786409,3.2882091986,,,,44.762064889,10.996787319,4.7996125027,,,91.376860189,76.874001589,9.4619473044,,,,,,19.450838004,38.853197066,,75.619364002,2.4362654836,69.313491799,,0.58440459503,,6.3054599584,6.5118663866,112.81588827,,,,1.8421216627,50.458832525,67.039178376,160.65516492,5.2593270106,1580.3169125,2.9332449007,,,24.163001941,40.304540747,,,2.2481249987,3.6573569435,3817.9527637,5544.2096372,3846.7259058,5515.4364951,982.26091426,363.85958292,4288.4467514,48.110177882,1649.825543,691.05778585,1876.1734216,120.52956234,324.15957591,316.61782518,-1.5916157281e-12,9678.8249895,
2016,1.5891041936,,,,,,51.107279485,1.5068204863,,101.35396201,25.202862082,9.6938420204,,4.9307116171,31.026849921,,16.033785522,56.804810327,,2.0888798974,,,,,3.6182149287,133.15251699,,1.9251389309,10.792560859,1.2285944624,,7.5224487286,142.32665522,,,,23.862243811,2419.4944749,29.903424697,,,,3.3381506261,4.1441442435,6.1647386286,,,1.8744177391,28.836903248,,,13.50704091,,,8.2930550783,11.746613415,71.01194911,2.3178421474,,,4.5279651899,3.5849886764,,,,15.585814316,117.24734889,,,,3.1625374294,248.15148597,5.4448151389,15.576279095,,,3.8889987782,1.3960708708,,,,2.0976210178,22.956746023,16.531940875,,594.76540918,149.89977442,,13.370928231,150.92919628,21.958892955,120.448643,1.9090673999,363.45959115,8.7231539681,48.94868999,7.521692516,,,29.267204008,4.6519701816,3.4776903152,3.2824818884,,,,,,5.8372216394,2.6824988695,,,1.3087346836,0.33768401321,61.117825579,,,2.504125728,,,1.4410502581,144.31548977,6.4962962918,,,17.928312232,4.3844590765,,3.0616593586,,2.5751954259,46.275933138,,10.402780864,2.0295345529,,32.323623992,,13.478606453,,18.47352115,60.152840734,,0.60427446633,,2.9082878453,17.01447478,42.472012564,5.908894357,84.364421526,14.879012427,19.55245211,3.145487476,178.97372737,,,,22.04445428,372.47096469,0.30588637836,,,,,,190.09551507,3.5246306922,,,,40.867992249,11.100275089,4.9994928409,,,91.200544508,74.694014254,10.541135289,,,,,,19.433852325,44.093922155,,76.593243464,3.6266896262,69.450096449,,0.65747462491,,7.6063394548,6.3275351206,114.6226979,,,,1.9036110391,49.100446525,67.791746675,156.53137659,4.5153525225,1544.9581673,2.6667016236,,,19.305748914,41.337892851,,,2.1052426609,3.2060258994,3781.6073758,5575.9621175,3795.6475591,5561.9219342,986.72152336,367.570619,4323.2538778,47.683189758,1665.8226941,703.79529858,1832.1232059,117.94417622,299.37643197,320.32722158,1.8189894035e-12,9677.9545989,
2017,1.6212644189,,,,,,52.121335977,1.5823638965,,102.94232943,25.075561489,9.3513309927,,5.3304207516,33.278570476,,16.352546558,54.940331453,,2.102072297,,,,,3.117539891,136.05739718,,2.2926660141,11.208106489,1.3660791499,,7.9280002061,144.03624439,,,,24.05917849,2495.2205884,27.766323677,,,,3.3725026556,4.1444619202,5.9790392121,,,2.1371717859,30.219666411,,,13.434603422,,,8.3472151102,12.251359596,70.144287529,2.1418406789,,,4.5963756096,5.5227305764,,,,15.14198454,116.65215405,,,,3.0705899579,245.11305744,5.2266355762,15.469822748,,,4.1810705325,1.4079612768,,,,2.215732636,23.583885779,17.895713145,,620.49400076,153.8614306,,13.592011359,162.14499091,21.137652461,121.81493031,1.7207881245,357.63171905,8.6830275557,51.26201818,7.1961312484,,,27.30048431,4.5364328025,5.7815439269,3.8939712982,,,,,,6.0729386185,2.6526248692,,,1.5545389279,0.3110041815,62.018488418,,,2.3914340517,,,1.5392175039,141.00093062,8.3119912414,,,18.196085584,3.4926983506,,2.5576839767,,3.1739300103,46.085612556,,10.498321291,1.980729214,,29.705734346,,13.687882764,,19.186700633,65.700848609,,4.8887352903,,3.2627724375,17.36614598,45.744262034,6.1500605173,87.91740916,15.872717782,19.911613785,3.0622255118,188.30093431,,,,23.153023396,382.17529817,0.45536224586,,,,,,181.82297322,3.7160159563,,,,42.710650036,11.157628498,5.4119265178,,,89.183756293,80.131486608,10.155621314,,,,,,19.719883601,35.008730822,,79.11887932,3.9968116944,70.637172646,,0.53697976756,,6.7656941791,6.3104005942,120.88241378,,,,2.1018821902,49.45121308,65.910408961,149.09043631,4.5434018451,1536.8846452,2.7211105378,,,17.719512313,40.61739474,,,2.2152314043,2.6175353543,3775.7874287,5721.7478543,3789.2349481,5708.3003349,997.73118642,358.31470958,4464.3378565,50.036156413,1671.1350667,710.89904842,1822.5268332,119.23434144,301.05127078,334.64595458,-3.4106051316e-13,9832.2738431,
2018,1.6222834024,,,,,,48.486128479,1.9416803085,,99.587394531,24.899248745,9.6460896496,,5.4297192144,34.837112948,,17.318420636,56.918951656,,2.1603293452,,,,,3.1749670369,130.54878303,,2.5600656476,11.087106011,1.5345104864,,9.1518144218,144.21518019,,,,25.182447068,2624.295324,26.727698058,,,,3.4831360734,4.0478880593,6.6172449418,,,2.1297921336,30.883414961,,,13.686206935,,,8.6771181514,12.348620151,66.27336278,2.3906361,,,4.9159709641,5.3352800241,,,,15.793786201,116.41455158,,,,3.4029797597,241.06402613,5.443809725,15.724739114,,,6.3106319801,1.4189732624,,,,2.1781078997,23.392273407,18.2627114,,661.91443575,165.23473217,,13.801995534,164.32379699,22.252523021,123.09878343,2.0053325813,349.72441375,8.6086192057,46.915126506,7.5715007152,,,28.200436127,5.3835945235,5.9697851408,4.3882514376,,,,,,6.2673093336,2.618488675,,,1.3980631945,0.72336566546,67.515481379,,,2.8195454316,,,1.5573983067,142.60838606,11.187492796,,,18.610367456,3.502137912,,2.4040308706,,7.3546343942,46.328891729,,10.625393391,1.8798327947,,27.623042918,,13.542034813,,17.950358567,62.168335193,,4.6746853476,,3.4549895685,17.796372061,47.881222829,6.1728045798,90.596002131,15.243595032,18.700560504,2.841787843,197.10907847,,,,24.122539212,371.90855501,0.51839683257,,,,,,179.5882711,4.0316083036,,,,44.398526144,11.494325581,5.7723924439,,,88.400772797,81.015522525,9.7423415595,,,,,,19.818363778,34.119814975,,79.8716051,3.3501360726,74.601728732,,2.1528567994,,6.2954170142,8.0321746894,116.5654491,,,,2.1191533267,57.673035839,67.217138178,145.63436494,4.8341812547,1582.4650716,2.8795583629,,,-8.6572789509,44.551428501,,,2.2543499669,2.9001698034,3811.4466628,5878.8252563,3833.1005047,5857.1714143,1005.7837571,356.98395122,4663.0949429,51.564488426,1673.3683705,693.21170851,1869.6954324,115.63185528,266.72116976,344.27435381,3.8653524825e-12,10034.646591,
2019,1.5918010574,,,,,,45.588666948,1.8898733337,,98.853509102,24.331621411,10.342653878,,5.8939202274,40.18311897,,17.192216215,54.925621663,,2.0379345985,,,,,3.2249186183,130.0669845,,2.7357804015,10.806957092,1.6753207588,,10.789330986,143.14261069,,,,26.651564388,2710.9065199,28.21620237,,,,3.3687835214,4.0406590124,6.409996295,,,2.0679612568,29.679391417,,,12.686985569,,,9.1468925472,12.74627428,69.257967781,2.5943265656,,,3.9967148927,5.5110208296,,,,14.53375642,112.98126058,,,,3.2672926918,229.63433754,5.5234576474,14.316684948,,,6.5199175372,1.6051327826,,,,2.4806825692,23.313466348,17.817714412,,667.98906609,180.30365004,,13.657257564,169.69187063,21.635912553,118.59605969,1.955362233,341.40588263,8.3517983588,44.136431148,7.8065862928,,,29.33374608,4.7290096051,5.9343540938,4.1918773726,,,,,,5.9446407614,2.5439962342,,,1.5215778573,0.70874097927,68.111564747,,,2.674158331,,,1.57614591,140.43240712,11.467081997,,,19.744727567,3.6949680199,,2.457765576,,6.8984345846,45.678740458,,10.772107209,1.8290531975,,32.583767476,,13.376817149,,16.775061736,61.941308849,,4.7604482369,,3.428634181,18.390619054,48.389165983,6.2420324126,85.275263879,14.284761445,20.202486005,2.7787679329,193.12295571,,,,23.239898787,378.93893717,0.5382687183,,,,,,186.44902211,4.1711047822,,,,44.018914816,10.980192632,5.6171888099,,,93.935152303,76.898767882,9.9620981351,,,,,,18.761259587,33.188624308,,79.680913327,3.4760268292,74.251328774,,2.2083101299,,7.201386722,7.7576630796,108.53144412,,,,2.1750137564,56.185303869,64.503538444,140.23690612,5.219078766,1551.7695642,2.8498130484,,,1.5748123592,57.652935426,,,2.4180780386,2.7069955263,3726.7526209,6037.3281706,3731.4092934,6032.671498,962.53306692,378.59492909,4778.150139,52.989659406,1628.6660899,697.27269755,1835.7360986,115.06651893,277.60465897,345.03016641,-4.5474735089e-13,10109.198523,
2020,1.643396034,,,,,,43.035806852,2.0301996855,,96.472057949,22.058622018,10.311409299,,5.9623276491,38.296610721,,15.974138659,48.807972275,,2.3268214021,,,,,2.9759138273,116.69320032,,2.838657981,9.795228967,1.5059859191,,11.24041505,131.34884124,,,,22.695637347,2724.9265809,27.03731431,,,,2.9943278445,3.9583218305,6.1560283934,,,1.7412755951,27.19497251,,,11.601595042,,,7.9277621737,10.714956319,64.10061928,2.3461810112,,,3.4001953257,5.7449143908,,,,13.125409012,102.5220056,,,,3.5140656616,211.04731837,6.5122480138,14.109821986,,,5.8474780976,1.5252317047,,,,2.1615345094,22.529620492,16.561348124,,613.46404714,169.92472144,,11.95983145,170.09115028,20.112996777,105.58814984,1.8794645633,324.2925559,7.5960105747,46.991617865,8.2088089255,,,27.318015394,4.4085000309,6.0166354053,3.7599666917,,,,,,5.4715652829,2.1846609409,,,1.4781390053,0.78875742883,68.38454401,,,2.3036892907,,,1.4418149003,127.88893878,9.1626056448,,,18.403396638,3.4305617882,,2.3091091345,,7.0537942588,41.437508074,,10.631513994,1.6318442879,,34.786867988,,12.82909342,,17.833456695,59.933121782,,4.3553078962,,3.1927771815,15.574533008,45.539092767,5.3177868574,79.302058664,13.007390602,20.840924362,2.8785475548,179.87120576,,,,22.069083092,372.38459413,0.52732887998,,,,,,167.82606534,3.8222661223,,,,39.968571342,10.135285706,5.1326738519,,,86.190619426,68.487122187,9.9282887748,,,,,,16.743065944,29.208418105,,77.550669191,3.4457537627,74.276815426,,1.913867764,,7.1719249715,7.4663626423,108.83546541,,,,2.0720668122,51.600860524,58.770963429,125.76557458,5.3015493336,1415.5451801,2.7913269205,,,10.685490947,61.353622391,,,2.0531257246,2.3656178291,3442.8241494,5877.2356941,3430.9910664,5889.0687771,875.70384484,359.95593824,4688.4908198,48.414554111,1510.0575149,666.24316035,1675.121273,112.42835329,259.34822989,234.38230489,2.1316282073e-12,9554.5138974,
2021,1.6260738656,,,,,,48.330224493,2.128936763,,92.333196179,24.064443563,10.602974372,,4.9126958167,40.90273614,,16.781174909,54.48776119,,2.5216063945,,,,,3.1283706102,126.15248024,,2.6426165893,11.066806251,1.7405705648,,11.44449185,137.0089882,,,,25.821487301,2816.6181881,28.657500563,,,,3.3468313298,4.2916841312,6.2694187873,,,1.8654482407,29.784699101,,,12.741780012,,,8.2493135367,12.66253678,72.394666185,2.6166262209,,,3.7944349929,6.1812766139,,,,14.109538741,113.49059732,,,,3.7590304981,226.66748525,6.8167125743,13.893332678,,,6.5945684907,1.6717080626,,,,2.4309544039,24.609231648,17.917362536,,668.0470665,170.30771855,,12.693942258,168.94308954,21.228468105,118.30970551,1.9108831065,334.3100101,8.19854622,44.76567243,9.100450378,,,28.456692601,4.914576811,6.7247250519,4.1777252955,,,,,,6.0693340403,2.3950620917,,,1.6185265936,0.88141386544,70.959724361,,,2.7938989295,,,1.571318717,138.16504291,9.6144567386,,,20.764369455,3.8452470948,,2.5058306288,,8.0364610804,44.811491447,,11.15569501,1.8449797475,,35.975125305,,12.181405469,,18.964818384,67.18362986,,4.2737917628,,3.9057617983,17.703562555,49.910049309,6.0702579777,86.668952844,13.3924461,19.593775017,3.0320412293,188.08657317,,,,23.468781383,371.11788126,0.60752766571,,,,,,169.78249686,4.1586015997,,,,44.938662251,11.254654068,5.6497895536,,,81.254701826,74.286077351,10.473241032,,,,,,18.602421897,32.389508896,,81.557580454,3.6507867749,75.810329078,,2.1792513622,,5.7739342526,8.9121091794,115.15976764,,,,2.2924162493,53.664556826,65.817921669,140.12010943,5.8628600592,1520.7896253,3.2845001871,,,10.967270677,61.966149581,,,2.0762671681,2.5884094638,3656.3007821,6141.3913378,3668.9276173,6128.7645025,954.72739143,379.12609869,4889.521647,49.766786984,1607.4397299,680.58899956,1796.3163211,109.26845677,285.66407975,247.82016077,2.842170943e-14,10048.18298,
