Column 0,AFGHANISTAN,ALBANIA,ALGERIA,ANDORRA,ANGOLA,ANGUILLA,ANTIGUA & BARBUDA,ARGENTINA,ARMENIA,ARUBA,AUSTRALIA,AUSTRIA,AZERBAIJAN,BAHAMAS,BAHRAIN,BANGLADESH,BARBADOS,BELARUS,BELGIUM,BELIZE,BENIN,BERMUDA,BHUTAN,BONAIRE SAINT EUSTATIUS AND SABA,BOSNIA & HERZEGOVINA,BOTSWANA,BRAZIL,BRITISH VIRGIN ISLANDS,BRUNEI (DARUSSALAM),BULGARIA,BURKINA FASO,BURUNDI,CAMBODIA,CANADA,CAPE VERDE,CENTRAL AFRICAN REPUBLIC,CHAD,CHILE,CHINA (MAINLAND),COLOMBIA,COMOROS,CONGO,COOK ISLANDS,COSTA RICA,COTE D IVOIRE,CROATIA,CUBA,CURACAO,CYPRUS,CZECHIA,DEMOCRATIC PEOPLE S REPUBLIC OF KOREA,DEMOCRATIC REPUBLIC OF THE CONGO (FORMERLY ZAIRE),DENMARK,DJIBOUTI,DOMINICA,DOMINICAN REPUBLIC,ECUADOR,EGYPT,EL SALVADOR,EQUATORIAL GUINEA,ERITREA,ESTONIA,ETHIOPIA,FAEROE ISLANDS,FEDERATED STATES OF MICRONESIA,FIJI,FINLAND,FRANCE (INCLUDING MONACO),FRENCH POLYNESIA,GABON,GAMBIA,GEORGIA,GERMANY,GHANA,GREECE,GREENLAND,GRENADA,GUATEMALA,GUINEA,GUINEA BISSAU,GUYANA,HAITI,HONDURAS,HONG KONG SPECIAL ADMINSTRATIVE REGION OF CHINA,HUNGARY,ICELAND,INDIA,INDONESIA,IRAQ,IRELAND,ISLAMIC REPUBLIC OF IRAN,ISRAEL,ITALY (INCLUDING SAN MARINO),JAMAICA,JAPAN,JORDAN,KAZAKHSTAN,KENYA,KIRIBATI,KOSOVO,KUWAIT,KYRGYZSTAN,LAO PEOPLE S DEMOCRATIC REPUBLIC,LATVIA,LEBANON,LESOTHO,LIBERIA,LIBYAN ARAB JAMAHIRIYAH,LIECHTENSTEIN,LITHUANIA,LUXEMBOURG,MACAU SPECIAL ADMINSTRATIVE REGION OF CHINA,MACEDONIA,MADAGASCAR,MALAWI,MALAYSIA,MALDIVES,MALI,MALTA,MARSHALL ISLANDS,MAURITANIA,MAURITIUS,MEXICO,MONGOLIA,MONTENEGRO,MONTSERRAT,MOROCCO,MOZAMBIQUE,MYANMAR (FORMERLY BURMA),NAMIBIA,NAURU,NEPAL,NETHERLANDS,NEW CALEDONIA,NEW ZEALAND,NICARAGUA,NIGER,NIGERIA,NIUE,NORWAY,OCCUPIED PALESTINIAN TERRITORY,OMAN,PAKISTAN,PALAU,PANAMA,PAPUA NEW GUINEA,PARAGUAY,PERU,PHILIPPINES,PLURINATIONAL STATE OF BOLIVIA,POLAND,PORTUGAL,QATAR,REPUBLIC OF CAMEROON,REPUBLIC OF KOREA,REPUBLIC OF MOLDOVA,REPUBLIC OF SOUTH SUDAN,REPUBLIC OF SUDAN,ROMANIA,RUSSIAN FEDERATION,RWANDA,SAINT HELENA,SAINT LUCIA,SAINT MARTIN (DUTCH PORTION),SAMOA,SAO TOME & PRINCIPE,SAUDI ARABIA,SENEGAL,SERBIA,SEYCHELLES,SIERRA LEONE,SINGAPORE,SLOVAKIA,SLOVENIA,SOLOMON ISLANDS,SOMALIA,SOUTH AFRICA,SPAIN,SRI LANKA,ST  KITTS-NEVIS,ST  PIERRE & MIQUELON,ST  VINCENT & THE GRENADINES,SURINAME,ESWATINI,SWEDEN,SWITZERLAND,SYRIAN ARAB REPUBLIC,TAIWAN,TAJIKISTAN,THAILAND,TIMOR-LESTE (FORMERLY EAST TIMOR),TOGO,TONGA,TRINIDAD AND TOBAGO,TUNISIA,TÜRKIYE,TURKMENISTAN,TURKS AND CAICOS ISLANDS,TUVALU,UGANDA,UKRAINE,UNITED ARAB EMIRATES,UNITED KINGDOM,UNITED REPUBLIC OF TANZANIA,UNITED STATES OF AMERICA,URUGUAY,UZBEKISTAN,VANUATU,VENEZUELA,VIET NAM,WALLIS AND FUTUNA ISLANDS,YEMEN,ZAMBIA,ZIMBABWE,KP Annex B,Non KP Annex B,OECD,Non-OECD,EU27,Africa,Asia,Central America,Europe,Middle East,North America,Oceania,South America,Bunkers,Statistical Difference,World
,Afghanistan,Albania,Algeria,Andorra,Angola,Anguilla,Antigua and Barbuda,Argentina,Armenia,Aruba,Australia,Austria,Azerbaijan,Bahamas,Bahrain,Bangladesh,Barbados,Belarus,Belgium,Belize,Benin,Bermuda,Bhutan,Bonaire Saint Eustatius and Saba,Bosnia and Herzegovina,Botswana,Brazil,British Virgin Islands,Brunei Darussalam,Bulgaria,Burkina Faso,Burundi,Cambodia,Canada,Cape Verde,Central African Republic,Chad,Chile,China,Colombia,Comoros,Congo,Cook Islands,Costa Rica,Côte d'Ivoire,Croatia,Cuba,Curaçao,Cyprus,Czechia,North Korea,Democratic Republic of the Congo,Denmark,Djibouti,Dominica,Dominican Republic,Ecuador,Egypt,El Salvador,Equatorial Guinea,Eritrea,Estonia,Ethiopia,Faeroe Islands,Micronesia (Federated States of),Fiji,Finland,France,French Polynesia,Gabon,Gambia,Georgia,Germany,Ghana,Greece,Greenland,Grenada,Guatemala,Guinea,Guinea-Bissau,Guyana,Haiti,Honduras,Hong Kong,Hungary,Iceland,India,Indonesia,Iraq,Ireland,Iran,Israel,Italy,Jamaica,Japan,Jordan,Kazakhstan,Kenya,Kiribati,Kosovo,Kuwait,Kyrgyzstan,Laos,Latvia,Lebanon,Lesotho,Liberia,Libya,Liechtenstein,Lithuania,Luxembourg,Macao,North Macedonia,Madagascar,Malawi,Malaysia,Maldives,Mali,Malta,Marshall Islands,Mauritania,Mauritius,Mexico,Mongolia,Montenegro,Montserrat,Morocco,Mozambique,Myanmar,Namibia,Nauru,Nepal,Netherlands,New Caledonia,New Zealand,Nicaragua,Niger,Nigeria,Niue,Norway,State of Palestine,Oman,Pakistan,Palau,Panama,Papua New Guinea,Paraguay,Peru,Philippines,Bolivia,Poland,Portugal,Qatar,Cameroon,South Korea,Moldova,South Sudan,Sudan,Romania,Russia,Rwanda,Saint Helena,Saint Lucia,Sint Maarten (Dutch part),Samoa,Sao Tome and Principe,Saudi Arabia,Senegal,Serbia,Seychelles,Sierra Leone,Singapore,Slovakia,Slovenia,Solomon Islands,Somalia,South Africa,Spain,Sri Lanka,Saint Kitts and Nevis,Saint Pierre and Miquelon,Saint Vincent and the Grenadines,Suriname,Eswatini,Sweden,Switzerland,Syria,Taiwan,Tajikistan,Thailand,Timor-Leste,Togo,Tonga,Trinidad and Tobago,Tunisia,Türkiye,Turkmenistan,Turks and Caicos Islands,Tuvalu,Uganda,Ukraine,United Arab Emirates,United Kingdom,Tanzania,USA,Uruguay,Uzbekistan,Vanuatu,Venezuela,Viet Nam,Wallis and Futuna Islands,Yemen,Zambia,Zimbabwe,KP Annex B,Non KP Annex B,OECD,Non-OECD,EU27,Africa,Asia,Central America,Europe,Middle East,North America,Oceania,South America,Bunkers,Statistical Difference,World
1990,,-0.0097322527685,,,,,,-0.23356272578,0.80067465045,,9.5076745527,-7.4336797334,6.3140252685,,0.15910348454,-1.1475682018,,12.720311428,-9.4624391048,,-0.096138506731,,,,,0,-7.3114126155,,0.40307272315,4.1791573761,-0.061063685529,,-0.16208641519,-6.7621353222,,,,0.22285362625,44.898771221,-1.3997590641,,,,-0.61408207589,-0.32114501272,0.53890620958,,,-0.5859674585,3.5195960678,,,-2.3336773627,,,-0.1198946053,0.073268111004,-1.4157553064,-0.44537650376,,,1.5169123796,-0.25868101879,,,,-6.490663057,-27.196833849,,,,1.651698073,-38.260161334,-0.29365339965,-3.5594689255,,,-0.49785362813,0,,,,-0.22508352462,-16.086119863,-5.0290420758,,0.69923467514,2.2888059379,,-1.8019862037,2.1547918856,-3.7085519315,-35.017339145,0.017234184357,-43.7375763,-1.5588784988,-3.1472163009,-0.64398508495,,,-0.34281583286,-0.21714106051,-0.079379186823,-0.51895319743,,,,,,-2.0424113249,0,,,-0.12483608011,-0.21700038391,-3.2170143688,,,-0.26423016592,,,-0.33499244518,-1.1944872343,0.23932735068,,,-2.2469497591,-0.81694867617,,0,,-0.11818713365,-10.762122891,,-0.37943087135,-0.17585818019,,0.26828765132,,,,-0.36420418505,-1.2377405118,,-0.089285517643,,-0.44709795345,-0.67914346783,-5.8467140061,0.37246981502,14.76101576,-1.8164409598,0.198260853,-0.12291787297,-19.127585149,,,,3.6127546825,134.78092608,0,,,,,,4.2940383968,-0.072126033513,,,,-7.648843678,-3.1770851208,-0.37594389518,,,25.584532325,-9.3923329808,-0.68563898011,,,,,,-7.6725217109,-11.387634134,,-13.920637553,1.8534751762,-8.7985147253,,-0.084177161443,,1.4209138041,-0.6272311677,-17.401825648,,,,-0.21079372382,55.552686586,-1.122988232,-18.466449374,-0.41865923464,19.903699942,-0.25358564467,,,7.5064462616,-0.49839795539,,,-0.089952231393,-0.66808941812,-5.2029992352,-15.967961337,-242.51566199,221.34470141,-145.06495802,16.727723774,-66.527276314,-0.72928604703,28.125150315,-17.693069708,11.947077385,9.1282436813,-2.1495236574,0,0,0
1991,,-0.088313046572,,,,,,-1.0052665985,0.74759283171,,9.7152529917,-6.9108619754,7.7479720766,,-0.05098704843,-1.262867649,,10.126281602,-8.8227897073,,-0.10069521493,,,,,0,-6.1525324091,,0.64128513569,4.5728519343,-0.063064434861,,-0.17006652794,-8.8142691131,,,,-0.0073900345229,56.281975189,-1.0568555985,,,,-0.53269915493,-0.34713170118,0.36465531415,,,-0.48109931243,4.9940712051,,,-0.45120936274,,,-0.11112838691,0.12760071671,0.26660664225,-0.41952445405,,,1.0581769352,-0.28005689255,,,,-5.2855229283,-23.622354963,,,,1.2342573582,-34.78472671,-0.29719806456,-3.2762281886,,,-0.50604749198,0,,,,-0.23901003364,-17.336735394,-3.8099380449,,5.0707580711,3.9655769593,,-2.0741442404,2.3837607284,-3.7734615554,-33.545204,0.084717776754,-45.614327501,-1.252373428,14.644631374,-0.67945225511,,,-2.0985902834,-0.49547917073,-0.08690466139,-0.52800062208,,,,,,-2.1954030751,0,,,-0.11975146246,-0.20709678966,-1.9395857107,,,-0.26698689877,,,-0.35303277735,-2.3442168787,0.87610229424,,,-1.9548826064,-0.75982301,,0,,-0.1359000143,-10.569073341,,-0.22991590016,-0.18146852652,,0.5581185779,,,,-0.49418394833,-0.85008621983,,0.0084388239034,,-0.46902393648,-0.79855750987,-5.3256691237,0.36638327697,9.980396819,-1.9444864514,0.43596753568,-0.11929883852,-18.105446927,,,,3.3374075107,89.669036101,0,,,,,,7.3901240736,-0.071731428889,,,,-8.1932303942,-1.0986433683,-0.44407403729,,,23.200093751,-8.2964390057,-0.77840073566,,,,,,-7.3608826672,-11.475888365,,-11.336612782,1.4181525765,-7.0290918448,,-0.091419481306,,1.2353682783,-0.25654674587,-15.149188306,,,,-0.21242580386,47.955151817,-1.2332359716,-18.381971431,-0.43171330004,27.752622959,-0.24581285746,,,4.70667358,-0.43403011224,,,-0.15120360097,-0.53229011085,-40.136731412,24.051563774,-222.69213409,206.60696646,-131.46050918,16.996004452,-26.466130902,-0.66135316907,-13.656212505,-13.842168203,16.594136968,9.4853370916,-4.5347813708,0,0,0
1992,,-0.10881754721,,,,,,-1.9437965612,0.57426788002,,10.369119122,-8.9687540385,11.711407506,,-0.18980131504,-1.4514549353,,13.139250067,-13.625715398,,-0.10025349938,,,,,0,-5.5312169792,,0.47148863706,4.1268895781,-0.064670107805,,-0.1842587642,-8.6099498814,,,,-0.35171875216,42.247338075,-1.6114885509,,,,-0.54569318314,-0.53917153727,-0.49781366991,,,-0.7691326592,-0.69539371892,,,-3.0211470601,,,-0.12579388542,0.57279803003,-1.4323833065,-0.46229372036,,,0.11017434163,-0.30883581606,,,,-13.481369536,-37.723944874,,,,1.5994869974,-64.946336167,-0.31597040686,-5.3670126088,,,-0.59447911061,0,,,,-0.27925726005,-18.313874288,-8.9782474227,,2.425225934,4.0413642083,,-2.5921859103,2.1699191849,-4.319795862,-47.212540366,0.16110387997,-66.68548356,-1.3945435563,29.415568636,-0.79167405088,,,-1.0977175891,-1.8806499689,-0.089579129782,-1.1468731834,,,,,,-8.5486442673,0,,,-0.12652966949,-0.20195031004,-2.3352666174,,,-0.32156503978,,,-0.38432896316,-3.6988071071,0.4808294515,,,-3.0411799845,-0.69270093022,,0,,-0.13550405606,-18.326337229,,-0.046836753593,-0.21998998873,,0.64458120779,,,,-0.5013263621,-1.5155119648,,0.14117132016,,-0.48388356231,-0.85016940527,-7.7672142026,0.31962234746,4.6398614479,-2.4943460433,1.0429724142,-0.15667973099,-26.00962538,,,,3.186843757,324.77232564,0,,,,,,8.249384032,-0.089230945021,,,,-10.062518415,-1.95446476,-1.5992406846,,,19.952424493,-11.943375395,-0.77908007193,,,,,,-9.8562900035,-13.537279462,,-21.133085713,0.62870698995,-13.567480889,,-0.1043035843,,1.3897316344,-1.6514908276,-23.315725495,,,,-0.2219221074,40.51039923,-1.6031029263,-26.970987966,-0.42942669202,7.0965274645,-0.26825858348,,,2.849890415,-0.42149163063,,,-0.15441889566,-0.25660527762,15.981570618,-23.07016433,-404.11722906,397.02863535,-252.00696091,9.5332790582,-78.736395271,-0.53550031374,85.797929047,-20.959737475,-5.212229524,10.322282369,-7.2982216019,0,0,0
1993,,-0.091383740073,,,,,,-1.6301762962,0.19176237977,,11.304818179,-7.7503404136,6.6560748817,,0.33670926994,-1.3482625974,,11.55294178,-11.281790846,,-0.095881966272,,,,,0,-4.9624055325,,0.26692219011,3.5222452451,-0.063920358896,,-0.16334340302,-4.9477814565,,,,-0.40317548816,44.90693621,-1.5937535376,,,,-0.51214430541,-0.40301328513,-0.38133125829,,,-0.49745489388,2.1092104016,,,-1.7698072227,,,-0.072826540758,0.40673939536,0.11281869452,-0.39950879855,,,0.40921855579,-0.29473852219,,,,-7.8666880742,-31.689172689,,,,0.5033974611,-54.87317645,-0.30821790627,-4.1333533889,,,-0.54934318635,0,,,,-0.24107923873,-16.693935854,-6.4734338883,,6.922027927,5.7172624513,,-1.8639458941,6.2277786553,-3.7847867222,-34.874048291,0.053327323169,-60.73534329,-1.2686537353,11.859590954,-0.65605491517,,,0.27637467236,-1.3098062475,-0.092673144712,-0.73981208533,,,,,,-4.392133621,0,,,-0.13774111714,-0.22083494001,-0.14338529113,,,-0.23119702078,,,-0.38538593531,-3.9239603297,0.85571134545,,,-2.282533003,-0.75683600385,,0,,-0.1405447246,-13.242658018,,-0.16240867072,-0.20252319323,,0.27291094774,,,,-0.58701174917,-1.4163497521,,0.085354943477,,-0.4352815313,-0.73060597137,-6.4007378554,0.32793442462,7.6561337506,-2.4641618733,1.078136316,-0.16101136164,-20.082254068,,,,2.9322253582,205.58073186,0,,,,,,7.6797058414,-0.087941431629,,,,-9.6101717641,-1.4432578426,-1.1109957002,,,22.143859608,-8.7230589367,-0.82187490641,,,,,,-8.0617328944,-11.907635253,,-14.972373595,0.53031890612,-8.7464056456,,-0.10722687512,,1.2385122093,-0.81291037126,-16.41539421,,,,-0.26914195383,37.380891673,-1.0063017206,-21.211670336,-0.43459718163,17.840667543,-0.323979494,,,4.1114742668,-0.57744139055,,,-0.19169583718,-0.20295152155,-13.363595833,4.0594410915,-301.87598382,292.57182908,-187.23451799,14.656954763,-64.844898824,-0.60023078709,34.069357988,-7.4634433828,8.9689257567,11.142409509,-5.2332297643,0,0,0
1994,,-0.12245527967,,,,,,-1.5524986985,0.24587752554,,10.285615438,-7.5914281535,6.2815438552,,0.056631252336,-1.5489607465,,10.260826259,-10.337387478,,-0.11682062078,,,,,0,-5.9664788901,,0.077465553459,4.0322692433,-0.067589672156,,-0.17430209331,-2.4234213515,,,,-0.07067668618,96.520209942,-1.5474815641,,,,-0.45802151701,-0.35944110784,-0.48833509713,,,-0.43167325859,1.9704404927,,,-1.1296090056,,,-0.089736511646,-0.21524309627,-0.56150322766,-0.42091456529,,,0.93162490394,-0.3181093339,,,,-4.5306099448,-30.234283192,,,,0.3135219832,-52.345958141,-0.31795402652,-3.5230686143,,,-0.51366104785,0,,,,-0.21555135387,-24.712104681,-4.8661439824,,8.3698956631,5.3800515551,,-1.726943658,8.1940384948,-3.6980625914,-32.037567748,0.15901692298,-65.824707638,-1.2885916588,8.9408965368,-0.69102539125,,,0.82193866271,-1.2476255352,-0.11172897234,-0.92199830244,,,,,,-3.5279692415,0,,,-0.13774411693,-0.22288994219,0.17445407992,,,-0.27835789418,,,-0.42393507397,-3.4956790075,0.55369983322,,,-2.0847738739,-0.77612907093,,0,,-0.13972736931,-12.041145944,,-0.32913384044,-0.19470462242,,0.55693423764,,,,-0.45411424026,-1.3664738458,,0.1497270022,,-0.46111398176,-0.80819978891,-5.7888137348,0.29344969143,9.8684439668,-2.5034773942,1.0987400484,-0.072465985243,-19.078621035,,,,4.5184522673,128.60930186,0,,,,,,7.4187617862,-0.050521574102,,,,-8.6251140036,-0.29839639592,-0.76160069457,,,22.266011061,-6.3634437232,-0.89584354554,,,,,,-7.1828453056,-11.986170082,,-13.314103597,0.1975736119,-6.3841588445,,-0.13265412956,,1.1387646965,-0.36949582094,-11.652397256,,,,-0.27718789704,39.644959883,-1.2153844854,-20.672135126,-0.47038492897,14.116823495,-0.36751330971,,,4.9600898065,-0.50257716062,,,-0.22222063588,0.0025777372808,-69.669848507,57.351184897,-279.53196569,267.21330208,-161.8010123,15.152676607,-22.659672664,-0.44508099644,-16.066684785,-0.71843998786,8.1977231362,9.956481598,-5.7356665177,0,0,0
1995,,-0.12478479721,,,,,,-0.85022647392,0.1854599386,,11.847840101,-7.9054444646,2.7580478084,,0.12566279621,-1.4561858733,,7.0942057208,-11.101600515,,-0.12902189291,,,,,0,-8.2034874702,,0.15155125568,3.0973773754,-0.077266080526,,-0.13889098386,-1.1469708928,,,,0.036409351614,100.35034506,-2.0436400002,,,,-0.52953259949,-0.32030125968,-0.78644770632,,,-0.53216399208,2.1874050749,,,-1.7736987004,,,0.048286589945,0.30387833549,-0.25530392119,-0.44578277226,,,0.65162812005,-0.32629607719,,,,-4.6824524574,-31.554130904,,,,0.0035584780933,-54.618192932,-0.34050750622,-3.7183949617,,,-0.57276788465,0,,,,-0.17065998372,-26.140689881,-4.0233553725,,11.264377469,4.8849073488,,-1.7246218097,5.986921788,-4.0008542206,-31.079519675,0.12795649994,-71.053209108,-1.4319939128,10.547364325,-0.76172493401,,,0.84842128882,-1.7176191575,-0.1303959744,-0.97146512576,,,,,,-3.5302994003,0,,,-0.13802401252,-0.23774386385,3.236217855,,,-0.34786540434,,,-0.44017227488,2.3004226172,0.51586099451,,,-2.1339529774,-0.84407432899,,0,,-0.13115435754,-12.55720427,,-0.63502607224,-0.18548681756,,2.0560250971,,,,-0.34281238198,-1.4023734275,,0.020834836911,,-0.45229847357,-0.91161118194,-5.6908161715,0.25934243198,11.255186295,-2.482715208,1.0300417122,-0.065684395882,-18.548983282,,,,5.5135488789,123.1213998,0,,,,,,5.1389152032,-0.089422612901,,,,-13.502741954,-0.65386569498,-0.94901803313,,,24.796554649,-5.8891398702,-0.95184309606,,,,,,-7.072708969,-12.85303664,,-12.858607859,0.44577758307,-4.9551229539,,-0.14411483712,,1.2478211892,-0.44177767638,-11.590708823,,,,-0.28370199843,46.614972624,-1.8363494204,-21.335574609,-0.46197637572,14.413140961,-0.39722955848,,,4.0609765292,-0.52424260728,,,-0.28350410493,-0.25147003912,-75.39559416,58.680179835,-280.25839497,263.54298064,-165.24915972,18.826538576,-24.85940857,-0.45933094164,-22.731977621,-6.0727559707,15.566592685,11.212814028,-8.1978865101,0,0,0
1996,,-0.27526512847,,,,,,-0.86813394783,-0.078702373437,,11.986839219,-9.1771933807,0.80168619825,,0.33461546171,-1.5603673165,,3.7180434497,-9.8494838163,,-0.14112099169,,,,,0,-8.9176155104,,-0.027314991851,2.6190188498,-0.064188857929,,-0.19424831719,0.7060821273,,,,-0.032020352541,104.66847306,-1.7892882144,,,,-0.52181133874,0.08141688191,-0.66852367067,,,-0.77143654399,3.4382397596,,,0.50777343231,,,0.039411203093,0.57376119858,-0.96481493137,-0.46339603585,,,0.62431852093,-0.31947924161,,,,-2.9315157439,-27.757792083,,,,-1.0193453788,-44.827864112,-0.59882814796,-2.6853520684,,,-0.61273286179,0,,,,-0.24651496582,-25.637522471,-1.9954840006,,15.091328272,6.5144443147,,-3.4232698934,3.4456642665,-4.0081676404,-23.872355047,0.65462800682,-65.835883986,-0.32593624805,10.841288727,-0.051112971444,,,1.8394829575,-0.858720344,-0.12461411256,-1.3767608976,,,,,,-1.9095374624,0,,,-0.049463168181,-0.30340244936,2.6760265728,,,-0.36096267171,,,-0.55461775182,0.81683808673,0.12307469809,,,-1.1039334883,-0.48375080326,,0,,-0.12703290664,-9.4398932622,,-0.74934006844,-0.15840146877,,2.4871134968,,,,-0.30481843267,-1.5015664148,,0.070136793888,,-0.4218319464,-0.86872071378,-5.1554946806,0.29443971394,13.134976787,-2.4609234121,1.0698902683,-0.037336161525,-19.059242197,,,,7.5242065874,90.884379266,0,,,,,,4.7538124233,-0.26802413757,,,,-14.674422598,-1.1560250932,-0.61826755397,,,27.091903646,-5.0893466787,-0.87740527554,,,,,,-7.5001451174,-17.499659551,,-6.4724440147,-0.36015546787,-2.4795439221,,-0.11436199745,,1.4934683219,-0.1591938896,-3.0068285675,,,,-0.19149757125,17.376345034,-1.6459068469,-23.497581627,-0.36313307528,19.811736607,-0.51916153553,,,6.0167058058,-0.71908781321,,,-0.3528422115,-0.44512704475,-95.708282335,81.885243364,-235.44683071,221.62379174,-130.02359857,23.094205133,-6.0467927421,0.25478765475,-59.317337128,2.1518076419,21.334656821,11.237499151,-6.5318655025,0,0,0
1997,,-0.18475324716,,,,,,-1.9340612388,-0.22528284859,,12.196179807,-7.595804741,1.1520642361,,0.84223595666,-1.6349878995,,4.4503227298,-12.724633063,,-0.18534722349,,,,,0,-9.7130368038,,0.45157998112,2.5153941666,-0.076208332276,,-0.19972525202,-4.1263875005,,,,0.24619485186,124.73659171,-1.9238500127,,,,-0.59323589187,0.093862081657,-0.65297015576,,,-0.52135003948,3.3301279236,,,-0.53958317704,,,-0.10970950375,-0.1112525974,-0.37177979932,-0.49795273167,,,0.7441528262,-0.38847826194,,,,-2.9484898656,-25.798498759,,,,-0.68758319928,-40.057688499,-0.85432942459,-1.7314825722,,,-0.73715925734,0,,,,-0.37666054184,-29.18513586,-2.2396087529,,14.722167266,9.0168417034,,-2.8171592156,0.29630180591,-3.9064030002,-23.544850945,0.57945830842,-61.162032592,-0.96378358549,10.627167574,-0.31872333575,,,2.0196867554,0.064022299219,-0.10943811666,-1.3578334699,,,,,,-1.7807097786,0,,,-0.069394091077,-0.29363040397,1.9009799396,,,-0.29250463595,,,-0.53598601941,-3.3661689348,0.42013909772,,,-0.62800141635,-0.19380598439,,0,,-0.11499957307,-9.8383034751,,-0.69771149603,-0.18267994269,,1.6007648939,,,,-0.3323073106,-1.0957356175,,0.085270596883,,-0.46553442892,-0.94234410484,-5.0574355712,0.21314583969,12.293307825,-4.4113944181,1.9786174157,-0.18536381682,-14.4428527,,,,7.598647582,83.03267552,0,,,,,,3.3273101135,-0.29750706611,,,,-15.097451676,-0.85891428329,-0.63012341784,,,29.100727007,-3.2385570573,-0.76150615167,,,,,,-7.5912170695,-14.544444351,,-7.904519994,-0.25945055216,2.0724206399,,-0.134188448,,1.3823135843,0.0036514640347,-3.4495542014,,,,-0.21372554784,17.362200604,-2.0484360658,-29.86438931,-0.39181009639,11.500040586,-0.679124598,,,3.7184516932,-0.026453909392,,,-0.46944611143,-0.28754099341,-110.18006113,99.072601574,-241.81624958,230.70879003,-124.69004707,24.903739074,27.199382931,-0.45035537954,-64.438435123,-2.2363321164,4.0074841508,11.498468311,-11.5914114,0,0,0
1998,,-0.21324035729,,,,,,-2.3046097044,-0.1674685357,,10.523923018,-8.6090140758,0.4327008057,,0.62419604483,-1.620251236,,-3.1018599099,-13.767661887,,-0.24243317135,,,,,0,-8.7489492968,,0.043477895871,1.9685924883,-0.24399057841,,-0.24119859367,-3.0407246428,,,,0.32503474936,110.4835831,-1.8507959666,,,,-0.79018558153,-0.53258184837,-0.39956135001,,,-0.90694028612,3.0644076084,,,-1.2042166408,,,-0.48685500519,-0.45876044879,-1.2774434602,-0.66427395092,,,-0.029357013436,-0.55103928609,,,,-3.3226408943,-26.182429049,,,,-0.70492848189,-42.856857854,-0.72760108196,-2.3959440842,,,-0.94801109005,0,,,,-0.39896844707,-20.989842955,-2.6983595451,,15.303431974,24.773087856,,-2.2800856298,-0.64296153603,-4.0126684359,-22.856752018,-0.073406993853,-46.149854877,-1.0521532123,8.4504417082,-0.83222437167,,,-0.42265565656,-1.3434457602,-0.11800284785,-1.4016112169,,,,,,-1.6975390537,0,,,-0.16203012224,-0.28307480974,8.3144768739,,,-0.61078542868,,,-0.42874126431,-4.8033701557,0.33380262947,,,-1.1149885706,-0.45391729455,,0,,-0.51437603154,-10.978955799,,-0.45099703404,-0.22245658723,,0.081150293343,,,,-0.48313301304,-0.086939368301,,0.13686213251,,-0.36397878689,-1.0987197974,-3.2607965846,0.098417889203,11.555377243,-5.942237284,1.4416005305,-0.1951891479,4.7153486574,,,,4.5480133836,111.83237314,0,,,,,,-2.5215980631,-0.2731004284,,,,-13.368790804,-1.2738615298,-0.81205615155,,,29.435469254,-4.6876138648,-0.91383177347,,,,,,-7.9081417266,-19.726480195,,-4.7934274359,-0.35535757788,8.082699398,,-0.16798201003,,1.2556967251,0.18636298306,-4.0277325381,,,,-0.36128488793,23.094151831,-3.4446664526,-34.785180749,-0.46858251003,-21.384525792,-0.78133634955,,,3.2242455549,0.16208807819,,,-0.42898357833,0.15684101078,-120.25582124,115.40209668,-266.00362819,261.14990363,-141.68623166,21.114635119,86.466626112,-2.1915987982,-64.586467897,-14.541772332,-29.228620591,10.072925984,-11.959452157,0,0,0
1999,,-0.21733201034,,,,,,-0.4414138415,-0.58177811747,,12.921302129,-8.5103608185,0.53253292847,,2.3781923934,-1.4111937037,,-2.7135737244,-17.246556093,,-0.14780141386,,,,,0,-1.5975589886,,0.42720830672,1.3016457872,-0.35733109098,,-0.22709370995,0.68686641089,,,,0.42205539284,105.04000044,-0.19804571702,,,,-1.1429161423,-0.087587137545,-0.53473934942,,,-0.41893495989,1.7299721269,,,-2.9430179051,,,-0.66533963471,0.085852517552,-1.6005576879,-0.63443040198,,,-1.0497009113,-0.53248860004,,,,-4.1793705469,-27.516197789,,,,-0.48924420838,-53.014269072,-1.0827081347,-1.5121379308,,,-0.89904159084,0,,,,-0.55665499718,-17.328728736,-2.7957559124,,11.964991393,12.193541056,,-3.5095206436,13.495056621,-2.2998608535,-25.892406149,0.076650404304,-61.192559712,-0.82380872151,5.8829253134,-0.31108791716,,,2.9512121217,-0.32128564253,-0.10328113847,-1.2581455788,,,,,,-1.7512746109,-0.14607794823,,,-0.21018324554,-0.27259801145,2.8537937205,,,-0.44325724338,,,-0.38046415929,-5.8918816595,0.23696494558,,,-1.6963041745,-0.7577658665,,0,,-0.83403463631,6.5122358031,,-0.73969577788,-0.24587455334,,5.9349902748,,,,0.76567682462,-2.0896579549,,-0.051016831716,,-0.40373596492,-1.0407184741,-4.8374892924,-0.12808303308,5.5057931924,-8.4908170197,4.9443694743,0.02044000235,-7.0083523581,,,,2.6058276622,131.81290339,0,,,,,,11.559093504,-0.24343522366,,,,-14.794558613,-0.61513413539,-0.74089043066,,,22.309582317,-4.7711133171,-1.5148100851,,,,,,-7.1566626005,-16.916847072,,-5.0273009176,-0.23161843776,5.1733840231,,-0.010203768771,,2.392741162,-0.15555405524,-6.2689917569,,,,-0.38280094808,16.579661436,-0.66617893724,-32.891304887,-0.52787881274,-50.826642961,-0.91825583427,,,12.056190745,1.2990302397,,,-0.40335665027,0.465792271,-156.54499123,130.83482807,-326.34790121,300.63773804,-156.84086639,19.570697967,27.611385101,-1.7258825857,-61.187359258,26.034760669,-56.031658209,12.181606351,7.8362868018,0,0,0
2000,,-0.28665644651,,,,,,0.34746717556,-0.20987341076,,16.131715254,-7.0693251712,1.6247998871,,2.2420898992,0.2570478179,,3.4978183433,-17.385786736,,-0.25119399168,,,,,0.13507095098,-2.7538802188,,0.49376212161,0.81865597867,-0.096511353987,,-0.78966359751,-3.7712056027,,,,-0.31351857757,105.53338587,0.56316969649,,,,-0.70935676037,-0.097748704999,-0.54413137407,,,-0.16351919923,1.8394038191,,,-3.0886619393,,,1.84295689,0.30141911967,1.7891217813,-0.71889381307,,,-1.3204311701,-0.094194763668,,,,-6.020699587,-30.765101889,,,,-0.4437506424,-50.413243098,-0.72081260178,-0.42867785595,,,-3.6131695749,0.04811487358,,,,0.29393896781,-12.038592071,-4.0233883162,,18.928661431,11.293577508,,-2.4975196314,20.748791648,-2.2867042033,-28.175571166,1.0105736282,-77.779736582,-0.68224804036,11.008733193,-0.42183693949,,,5.9201096317,-0.43905276177,-0.41013495216,-2.0777021735,,,,,,-2.2803248094,0.089768515895,,,-0.20850637493,0.012272328049,2.7243265602,,,-0.58376580364,,,-0.52673385358,-13.098695597,0.10414038213,,,-1.4276911594,-0.82590923165,,0.01001062933,,0.093580630933,11.443509812,,0.046640609851,-0.19283402845,,12.93554908,,,,0.85942485577,-1.316538176,,0.24884465096,,-0.49894667046,-0.75136653064,-5.0817592415,-0.069597810898,4.7617934922,-12.36485965,6.2991848406,-0.16280796378,-12.34754163,,,,0.89148198423,131.7977005,-0.047689626099,,,,,,26.286107717,-0.29695498907,,,,-21.450867753,-1.3947915816,-1.1002861571,,,25.119542519,-6.8733730714,-2.3093865359,,,,,,-8.4410404863,-12.506577605,,-14.741388374,-0.87419814515,4.3092904189,,0.11371212554,,3.8696799234,1.4720904948,-6.8790507443,,,,-0.40498534597,17.397975639,5.2645749237,-47.782311164,-0.6466629292,-66.540362916,-0.74675372953,,,19.073599892,4.6654699574,,,-0.5331483298,0.50092233456,-209.42646413,188.27784149,-390.35563062,369.20700799,-167.16758726,35.373018958,10.8042919,2.0317398836,-75.049638001,57.772280528,-83.410264116,16.178355864,15.151592345,0,0,0
2001,,-0.34515291395,,,,,,1.2118519532,-0.25422047776,,15.877940829,-7.2107701006,0.8800642369,,1.5229750592,0.43715072488,,4.0153322672,-17.271594906,,-0.38115068397,,,,,0.18001979283,0.84077191859,,0.47186367069,0.96262313511,-0.14383317767,,-0.91791635816,-0.12552631104,,,,-0.18558909039,101.08060819,0.40065361931,,,,-0.66739637611,0.30186133242,-1.0127080386,,,-0.24323347145,1.4007394995,,,-2.8539027384,,,-4.0945587966,-0.3206779837,1.7899956967,-0.67424962869,,,-0.83606550059,-0.04506482898,,,,-5.1130393692,-29.414592147,,,,-0.55584397688,-45.016464157,-0.71570976622,-0.28522425989,,,0.39772741612,0.080054970316,,,,0.40290655793,-10.856654709,-4.5545945601,,20.919672786,13.855102681,,-2.4710161884,20.44583421,-1.7661818002,-25.039709497,0.92919258516,-71.725512339,-1.1030349101,6.0972868844,-0.77383904957,,,5.3597079104,-0.23532793357,-0.41137314018,-1.6972305347,,,,,,-2.0527945617,0.16336019443,,,-0.2386093639,0.013908713015,3.3825852599,,,-0.56825624336,,,-0.42372869762,-11.20043042,0.085286849107,,,-1.2577884185,-0.89795801321,,0.0023962313783,,-0.20277920224,13.588254714,,0.21467597,-0.18215869379,,7.9635012584,,,,0.20817533031,-1.3815612333,,0.4840886217,,-0.48453059076,-0.94815060516,-5.5795457569,-0.034573851161,4.9334658799,-13.162443357,6.836739733,-0.36002051015,-8.0737499549,,,,0.73110622793,110.0404725,0.0078146979842,,,,,,22.61425944,-0.24264945505,,,,-16.668366432,-1.402590945,-1.0448764696,,,27.009718324,-6.5315429444,-2.4171827288,,,,,,-6.601046686,-16.971970585,,-6.9862634541,-0.85091763568,3.9570314678,,0.10574664223,,3.9704320165,1.6646593447,2.2780362911,,,,-0.38873532824,12.791208429,1.2676098402,-40.549673203,-0.65962662068,-73.457868428,-0.6815530608,,,13.025106752,5.2291952068,,,-0.57385792305,0.30642439262,-215.69891044,196.03934761,-354.40950258,334.74993975,-152.60414702,32.32352956,29.278632627,0.56598370218,-83.623930528,57.664121104,-84.783825159,16.092616799,12.823309061,0,0,0
2002,,-0.36977258573,,,,,,11.614465367,-0.3706179867,,12.104952017,-6.3244622079,-0.41244067653,,1.3629822166,0.32930688088,,3.9789716251,-18.314627168,,-0.31825761355,,,,,-0.10055311308,4.4095965744,,0.33621242568,0.78291117647,-0.13351515012,,-1.338264681,-5.0443096587,,,,-0.40855570038,123.61477377,0.066860432284,,,,-1.1723565289,0.59706417168,-1.178562116,,,-0.32460334425,-0.2546378352,,,-2.9777910523,,,-2.1495172858,-0.53729996448,2.0288405269,-0.60389237484,,,-1.2147559141,0.15699996822,,,,-4.5093342657,-28.589523304,,,,-0.55080603502,-34.980515397,-0.48316360407,-1.2148004975,,,0.3842247162,0.087579434218,,,,0.44011398732,-9.8852385085,-4.3760667106,,25.332251965,9.0075993017,,-3.2529404311,25.537123731,-2.1758098926,-26.70280104,0.8275707014,-60.834879106,-1.1258865,9.0208181112,-0.60508098947,,,4.0140305356,-0.1977743968,-0.41017237116,-1.6502124274,,,,,,-1.8260840486,0.044260761395,,,-0.20766921052,0.0054826978059,2.1371770244,,,-0.6324337457,,,-0.43937976863,-11.55549121,0.11051558098,,,-1.6040499284,-0.86491196388,,0.047989892066,,-0.29284666434,12.204561259,,0.060988955105,-0.15756718823,,5.0933496255,,,,0.97266165794,-2.283704264,,0.27329708654,,-0.38361097341,-1.235293659,-5.4132332788,-0.10593703395,5.8094088656,-12.132936729,5.8066267311,-0.61557556875,-13.247364034,,,,0.90520396027,105.87631598,0.0091061274841,,,,,,27.006397663,-0.21473538929,,,,-17.488767214,-1.0335322768,-0.80518729455,,,27.976460997,-7.3437307824,-2.7868990077,,,,,,-6.894422661,-14.77620884,,-6.5652302359,-1.3604234063,2.999209149,,0.049028661474,,3.7729140486,1.5645273254,-1.0967342724,,,,-0.41114790662,12.217470108,-3.130342822,-47.802027368,-0.65479576765,-94.750790698,-0.4900935437,,,22.632140892,6.0640736648,,,-0.57169194164,-0.067735008259,-238.77906675,232.11710096,-382.39006449,375.7280987,-146.78761523,30.324166504,55.513276007,1.6147871622,-87.662866307,57.171049048,-111.35059157,12.165940972,35.562272391,0,0,0
2003,,-0.43744698326,,,,,,5.9063099395,-0.13897522054,,9.460293857,-6.4355925505,-0.94010410407,,2.2696378782,-0.26561683274,,3.9521829519,-21.409467794,,-0.36367876041,,,,,0.33521539024,5.6259141271,,0.052547186468,1.1410290874,-0.14099088355,,-1.0987976518,1.1068591922,,,,0.32117465024,208.34123022,-0.11202326943,,,,-0.72349275274,-0.30760412864,-0.57403483933,,,-0.27730138934,1.8181790796,,,-1.9001206673,,,-1.1413259296,-0.4879178891,3.3369133227,-0.54773062384,,,-0.93853106899,0.21765941101,,,,-4.5810523335,-29.786342468,,,,-0.57057378079,-45.689683117,-0.79091874033,3.2079265544,,,0.36437100567,-0.2843814455,,,,0.37490504878,-10.909768263,-5.3553088856,,21.098425144,6.0923522619,,-7.2115450303,12.537189608,-3.8359026548,-26.115769639,0.91307287666,-65.423600287,-0.80859095251,14.002655542,-0.74218909728,,,2.8544964327,0.03923783657,-0.2136332441,-1.8751133754,,,,,,-2.7210573883,-0.29384530973,,,-0.31172994946,-0.018091917667,7.2776805454,,,-0.4092951143,,,-0.44656205243,-4.1886524513,-0.098076886574,,,-0.8522181519,-0.89704462243,,0.053975692105,,0.072547177766,-0.78153455105,,-0.3952737659,-0.18410608672,,4.6389536094,,0.44770829589,,0.071401084052,-0.76394482474,,1.7657220917,,-0.45473218151,-1.0280741087,-5.7957745079,0.21243380342,9.3446373051,-13.002275385,6.3366078092,-0.20040827062,-15.621949028,,,,1.7090853646,102.45720985,0.0026286675131,,,,,,8.3090259988,-0.290852916,,,,-14.592086409,-0.44066655577,-0.7255253338,,,34.210781528,-6.0911886165,-1.8264465424,,,,,,-8.3533281819,-13.838373543,,-5.2569503638,-0.91592288151,3.4238211535,,0.15548097695,,4.2543146153,1.4996607078,-2.9715616424,,,,-0.3348987238,19.151581693,-5.1861425376,-48.287978657,-0.66599846574,-130.61343168,-0.45035461713,,,13.112644853,4.6419033453,,,-0.50252274801,-0.2315605662,-292.99613075,289.04015133,-438.58172226,434.62574285,-167.7477222,37.069617866,140.61017959,5.0757302453,-104.3028386,19.576161024,-133.69522494,9.0650200911,22.645375307,0,0,0
2004,,-0.3563844663,,,,,,6.4391813353,-0.14864263727,,10.478364641,-7.373660252,-2.188661133,,2.8004818481,-0.24961172186,,4.4960653395,-24.53313306,,-0.25026944705,,,,,0.33858343173,6.835457723,,0.080503262427,1.0293490181,-0.16650623541,,-1.4897399522,-1.1941599793,,,,0.56909185725,246.11289892,-0.65668105531,,,,-0.7478981287,-0.031368151794,-0.82651853406,,,-0.40598033427,3.5025486612,,,-4.1460085624,,,-1.7943063517,-0.49992172697,5.2401698427,-0.47506031957,,,-0.95378575195,0.28342097224,,,,-4.4732570374,-35.150645446,,,,-0.86187797309,-45.057623201,-0.81906332864,4.2537072768,,,0.4646430124,0.019061127214,,,,0.43452871448,-11.144928054,-5.3023202015,,24.302549282,5.6111496393,,-5.5908266695,14.104462844,-4.735306014,-29.260909768,1.0326200625,-68.908679635,-0.90357129142,15.253319721,-0.66994666594,,,3.417557012,-0.22768494887,-0.29357813128,-1.6954667305,,,,,,-2.2744170647,-0.3551119127,,,-0.281270063,0.017411470169,9.5745213036,,,-0.39707129695,,,-0.54191724207,-8.5618200084,-0.00028421363031,,,-0.92348846124,-0.89759927347,,0.015751733621,,-0.47062929172,-2.3911910223,,-0.85904226945,-0.21602160784,,2.6276043306,,-0.19297634037,,0.66695327094,-3.2157084191,,1.639835418,,-0.50970759814,-0.72182478651,-5.8449931468,0.30494613345,9.0262502061,-11.870883744,6.638062522,-0.12757282905,-16.755688,,,,1.2422029501,97.96219214,-0.010086847348,,,,,,13.489050924,-0.26993581956,,,,-20.059012763,-0.89945888367,-0.66948195711,,,34.528666259,-8.8891507309,-2.1487924015,,,,,,-8.4318660041,-14.744942255,,-13.39340523,-0.78314231852,2.8792443574,,0.16447563479,,4.4496898324,1.7613488338,-9.5126969599,,,,-0.37155215414,22.993723355,-5.6684676306,-50.913469335,-0.71137783626,-137.82151564,-0.52355896502,,,12.734444875,5.5299047114,,,-0.55814038058,-0.085072909128,-324.29216374,312.17983104,-481.719648,469.6073153,-181.89471005,38.281325991,161.15903123,4.788030632,-122.65050161,20.296526524,-147.57749563,9.6193223713,23.971427792,0,0,0
2005,,-0.41151697693,,,,,,5.6688446377,-0.38111360426,,11.520648617,-7.5531929345,-0.26614399645,,3.2274599959,-0.32346431377,,4.4487124002,-27.458236711,,-0.34523653214,,,,,0.39408582053,3.919331197,,0.092806056935,0.56698175986,-0.15463719184,,-1.8784477271,-9.3294786656,,,,0.087066298246,317.78365685,-0.92788711187,,,,-0.76334101143,-0.020247642016,-0.69599380522,,,-0.4656598205,4.1918766437,,,-4.1778473486,,,-3.972252674,-0.65093030587,5.1092059456,-0.53407351169,,,-0.61557755212,0.24142554023,,,,-6.4714040125,-36.982905136,,,,-1.0271954435,-50.148542237,-1.1326561621,5.5326105688,,,0.5305642578,0.021070375309,,,,0.40351846501,-12.111941199,-4.8920195471,,24.369157937,5.3005247489,,-6.6748504003,17.496311349,-4.6697957466,-31.745492353,0.94026306768,-69.061017071,-1.1033941584,15.803380501,-0.83799194202,,,2.3897574084,-0.51131933223,-0.26558332696,-1.5293652074,,,,,,-2.0718874111,-0.63813882241,,,-0.32233883507,0.01712067904,8.9019669946,,,-0.1746179855,,,-0.31694455616,-7.2840015236,-0.057318881592,,,-0.69030253825,-1.0356278141,,0.02132903954,,-0.44217074463,-10.473924575,,-1.1783359908,-0.24092041333,,1.9900469551,,-0.23384970767,,1.3966320236,-3.331016439,,2.3812387601,,-0.54541289435,-0.71546455166,-5.7141389992,0.44840819098,9.0945769367,-16.102682298,5.7016117773,-0.23033886053,-22.55642687,,,,0.29612068661,99.349476172,0.0034925733243,,,,,,14.655155924,-0.33608977089,,,,-23.981115414,-0.0053410060361,-0.56108835334,,,31.959793888,-11.707841941,-2.2848969223,,,,,,-10.217592983,-17.110452525,,-9.7392467397,-1.0862994669,1.2616898066,,0.13428168409,,6.3159578352,1.8969754164,-11.045038532,,,,-0.4190970409,17.059688794,-8.2201794469,-49.070984118,-0.91746067614,-161.53949535,-0.50355413601,,,14.207906786,6.1354119047,,,-0.49147326183,-0.063236997102,-390.63555788,370.15660305,-549.07877524,528.59982041,-211.68203585,34.475148096,224.62973831,5.0609547754,-157.65096181,19.828520594,-178.15297554,10.342312626,20.98830811,0,0,0
2006,,-0.48372927096,,,,,,6.366800826,-0.19801213231,,9.9318087014,-9.0745218039,-0.65207298818,,3.126309166,0.032366561899,,4.0504613674,-27.848644363,,-0.64745887674,,,,,0.49453825849,2.6302989019,,0.28437239343,0.25513618432,-0.17065361373,,-2.0857965944,-2.0473462872,,,,-0.0054469874309,370.87478984,-1.7225465362,,,,-0.97813086739,-0.31019355358,-1.3028006634,,,-0.46821976194,3.0570215717,,,-3.5718464994,,,-3.8866436722,-1.1874183803,5.6325847021,-0.66441581649,,,-1.2971801524,0.22093800878,,,,-5.822477914,-39.3341622,,,,-0.78416814235,-45.09663394,-1.170992933,4.4781524151,,,0.26713790927,0.029987410492,,,,0.35765071221,-12.407257968,-5.2219948598,,31.004654446,4.6417794146,,-6.6849537564,17.289112479,-5.0638698348,-39.169503049,1.0947423342,-67.996491236,-1.0557421181,15.909642444,-1.0034445018,,,3.3145950899,-0.87458158731,-0.34615998938,-1.8839473181,,,,,,-2.4508215481,-0.81251475423,,,-0.29011492911,-0.0075485996749,8.5987054571,,,-0.32451298584,,,-0.3284714977,-8.1746298987,-0.080535522563,,,-0.89870326355,-1.1174645485,,0.044248843611,,-0.50768741706,-15.799921807,,-0.68371694929,-0.34386525817,,4.3127890342,,-1.6079813817,,1.3019044414,-3.646821737,,2.1272999899,,-0.56088682003,-1.1332166402,-4.7108010489,0.36932730124,5.2735985088,-13.603881758,7.6644982279,-0.20646980151,-28.285350737,,,,-0.33627518997,103.98724138,0.00078697351046,,,,,,12.291440199,-0.39969588363,,,,-27.001091646,-0.70164827619,-1.0247857379,,,30.948375727,-15.462100386,-2.4578953806,,,,,,-10.589136197,-19.687212345,,-8.3665095334,-1.260814496,2.2777687121,,-0.60517231882,,8.0428254944,1.8759830394,-12.69891845,,,,-0.45249314285,18.241600886,-13.607330921,-50.813426029,-0.76405697732,-178.77548074,-0.46842240375,,,16.087640395,6.6244968989,,,-0.64635888655,-0.24380759608,-423.47684749,414.43424853,-594.21519713,585.17259817,-234.81857624,34.297131073,278.58652801,6.0166008258,-181.13162164,12.56199828,-188.99745692,9.2480917521,20.376129656,0,0,0
2007,,-0.54776546223,,,,,,4.7578670576,-1.367046512,,8.8295716254,-8.5870388445,-0.1963244993,,4.1984415352,0.10125637976,,2.9646726694,-31.179943382,,-0.65615398178,,,,,0.41030535413,-0.6530622828,,0.28099024242,0.45208800472,-0.17275860648,,-2.1005898414,-1.5555125645,,,,0.11434359242,392.50937309,-3.0478388381,,,,-1.1058726848,-0.42498200894,-1.3207015064,,,-0.61430402306,1.7988507446,,,-4.2104033637,,,-2.2229832306,-1.1102780171,4.4570792393,-0.62301330152,,,-0.35436268476,0.27674682355,,,,-5.9938201113,-42.060033354,,,,-1.0306860861,-51.893090632,-1.225319737,4.7906062966,,,0.33273345037,0.029591043597,,,,0.39041971179,-11.553567832,-6.4419008451,,26.241591011,5.4380309798,,-6.8116827154,4.1560677326,-5.0136714228,-37.328534517,0.87062197262,-60.474291863,-1.1989281222,14.370250345,-1.2051338173,,,2.5682140317,-0.8442041951,-0.38545014564,-2.4836024369,,,,,,-2.433584824,-0.15733134608,,,-0.31899483373,0.020379316006,7.4572250731,,,-0.54691859604,,,-0.29114447903,-6.5529328383,-0.081466873041,,,-1.4639037534,-1.3488664089,,-0.070243398775,,-0.60531856412,-7.250664334,,-1.0069906335,-0.43402378022,,-0.087735865012,,-2.5333133425,,1.1912695522,-3.4304310495,,1.8519004094,,-0.75167741544,-1.4416649245,-5.3674105629,0.3337948146,2.9486910004,-14.507187916,6.0851347598,-0.011665498793,-30.286110261,,,,-1.1571395769,84.700424374,-0.0030517722923,,,,,,6.6449856285,-0.49891594706,,,,-27.412468784,-2.0913966583,-1.5060227568,,,34.11924032,-16.660098542,-1.953605035,,,,,,-10.590777711,-17.501696215,,-2.78984217,-0.56148181378,3.2944341272,,0.055625994659,,7.183278012,2.2324631837,-13.927578237,,,,-0.49458280733,11.986288907,-15.337132093,-52.606823337,-0.95066534187,-138.94502501,-0.77047908433,,,13.193122111,6.385967771,,,-0.92597353481,-0.32667683826,-414.13645007,398.17452013,-559.54617218,543.58424224,-246.19030463,31.124662644,305.63882293,6.2430605589,-219.72851704,-10.633196636,-147.05347041,7.8225809919,10.624127014,0,0,0
2008,,-0.58552214157,,,,,,3.9622766234,-0.2602373952,,11.316789301,-8.2458053117,-0.20052940972,,4.4292598535,0.16776524231,,2.930029589,-31.143449788,,-0.98552355684,,,,,0.31875625236,-8.3419093521,,0.39896887254,-0.26691793649,-0.14008544661,,-2.5543596573,-1.8769210224,,,,-2.5665400751,418.24244946,-2.690700673,,,,-1.2694265107,-0.40741214859,-2.7632996671,,,-0.85022907897,-0.33644530839,,,-4.6691039893,,,-1.8743818289,-1.4602783473,4.081864484,-0.67516737858,,,0.087796409629,0.2946593183,,,,-6.5647830117,-42.123508487,,,,-1.0768906871,-50.647905536,-1.5093390636,3.789486495,,,0.23013668979,0.012906020011,,,,-1.4779454155,-11.612509229,-7.1415399408,,29.60479828,-0.619923453,,-4.8802926134,3.2990714225,-6.2129157868,-37.220220038,1.0253344427,-73.879492253,-2.1512371378,18.539884073,-1.3341326135,,,3.4922913024,-2.3983395048,-0.47429601449,-2.1927692637,,,,,,-2.086882522,-1.278971614,,,-0.66077329442,0.01836238927,7.8148501731,,,-0.88038165021,,,-0.42580378471,-8.7499022877,-0.31860168068,,,-2.3413942648,-1.6609563573,,-0.14447396511,,-0.76095584161,-12.529716761,,-0.80742634305,-0.35225960772,,-0.80433331653,,-1.7030400301,,0.78370932561,-3.7588709007,,1.9770817508,,-1.0614860748,-2.8884552312,-6.1725223357,0.24140552954,0.11322921244,-15.00769405,6.2772719517,-0.11816315137,-29.033398339,,,,-2.3553151299,86.329025433,-0.0072880277997,,,,,,6.9015233342,-0.6555136132,,,,-38.771922571,-2.8753536576,-1.3887648269,,,42.274385709,-15.661307189,-2.3580150418,,,,,,-10.678958048,-16.891521429,,-4.8110104177,-0.97000403746,0.53938459039,,0.071143769348,,7.0620115447,2.3976882019,-11.283867691,,,,-0.54664114714,7.3330117921,-18.13489958,-47.675809504,-1.5332124093,-109.2335444,-0.78986740417,,,13.378553815,7.1113322135,,,-1.077158903,-0.7252245358,-405.15742103,392.35196685,-547.00089792,534.19544374,-259.7991033,34.392336545,302.38755413,4.6453836867,-230.06292959,-12.599793006,-119.86036771,10.509362958,-2.2170011894,0,0,0
2009,,-0.68450950999,,,,,,5.5792392527,-0.41557852012,,3.5618829602,-7.6365054074,-0.75884645031,,3.0230844823,0.11805797563,,1.131679261,-25.320220619,,-0.6100094782,,,,,0.00077250776359,-6.5639974984,,0.35121602335,0.23341510855,-0.30446257574,,-1.9328176342,-8.480013845,,,,0.48213244251,319.2403579,-1.8074490588,,,,-0.73726286865,-0.39884558592,-1.0477561815,,,-0.071290206177,0.23628671765,,,-3.6492722397,,,-9.7293342416,-0.98082232964,2.0258539458,-0.43401374079,,,0.094573834391,0.23113916445,,,,-3.7903078335,-36.57167075,,,,-0.38516968919,-50.298747102,-1.3368426319,-0.45345766245,,,0.37603398231,-0.31915810276,,,,0.28891647185,-8.3294926705,-4.8577155479,,23.737294276,0.99340290373,,-2.9046973582,5.6998634857,-4.3947744896,-38.281461703,0.66168,-63.55053504,-2.4338836752,19.300744044,-1.322686881,,,3.2692539053,-1.7396896342,-0.6348812312,-1.2459695167,,,,,,-2.2919878669,0.33043246211,,,-0.49234787322,0.029559087919,9.4722402267,,,-0.57692815025,,,-0.31543396866,-6.9557551728,-0.11553278691,,,-1.7194659665,-1.6838473994,,-0.053681737951,,0.12423847341,-6.4336125238,,-0.26903788012,-0.29672571532,,-2.5036264474,,-2.2789869938,,0.065924978223,-3.1837035111,,1.9834210096,,-0.70204008913,-1.7261560682,-4.6188729769,0.26523515478,1.5542622761,-10.464506675,4.9071353202,-0.31395052151,-10.079451157,,,,-1.184680586,70.470985341,0.0018299805341,,,,,,-0.070186747977,-0.27731675199,,,,-16.223062761,-3.0251034476,-0.8660836084,,,36.453831874,-13.38614146,-1.6820951356,,,,,,-8.1883585687,-16.474530705,,2.494479194,-0.92811619803,1.6057572897,,0.15296363737,,5.3574573818,1.7647922248,-2.7542704527,,,,-0.66125327697,7.207879483,-9.5456156927,-36.742556052,-1.1306845924,-81.529271675,-0.60922249863,,,5.8794221565,7.9901290045,,,-0.66805442732,-0.39230608656,-347.53347067,348.45361615,-443.37747528,444.29762076,-220.09750462,26.156768117,270.85007191,-2.5298277208,-197.46754379,-2.2334688864,-96.965040693,3.2928450801,-0.18365853628,0,0,0
2010,,-0.49960262468,,,,,,3.8329872908,-0.28449595721,,2.8740026114,-7.9672253374,-0.73705332742,,2.9790744033,0.29258078241,,0.18706973633,-27.701240198,,-0.6846162205,,,,,-1.5131662842,-12.159934074,,0.39819443407,0.78349381309,-0.31196924132,,-2.9175778308,-13.929413834,,,,-0.63344179146,350.38924793,-2.4763395905,,,,-0.99051146814,-0.50233771199,-0.85201832316,,,-0.1503273217,-0.86474310531,,,-3.5916353677,,,-13.964576033,-1.0392131534,0.40833822848,-0.43770287459,,,0.4723328128,0.35911062254,,,,-5.0608175794,-34.580950147,,,,-0.46523655627,-52.124320342,-1.3888541597,1.4863844062,,,0.20950909258,-0.50706048595,,,,0.35545717703,-10.908773733,-5.4771810982,,27.202855679,0.099041147014,,-2.2541618029,19.677806754,-4.6104778841,-45.742835904,0.57591466112,-63.554007674,-1.8003113043,29.998250146,-1.342250901,,,3.3587585213,-1.3659989839,0.20366567729,-1.3109491978,,,,,,-1.8718400725,0.11406156457,,,-0.36411563726,0.017185179571,5.7544135672,,,-0.90171116088,,,-0.26626924787,-10.567762576,-0.247061551,,,-1.3449531698,-1.5334598899,,-1.1716291467,,0.10709391717,-10.933181896,,-0.40976088794,-0.24398314293,,3.1628454206,,-2.6549884363,,1.5564924695,-3.2370765939,,2.161606162,,-1.011944681,-2.7812063543,-5.2459314314,0.45549808009,1.22067504,-11.709347894,8.014050383,-0.33606543621,-15.33485785,,,,-2.1763403936,73.905163655,-0.0086542853905,,,,,,1.8378012585,-0.1310320157,,,,-18.251617191,-3.4864100118,-0.94954613567,,,34.384652122,-12.350703428,-2.4514160974,,,,,,-9.0131050519,-15.242029058,,-5.9389724995,-1.4384415901,-1.5484416344,,0.16950433781,,6.0689922905,2.0715434433,-10.431599876,,,,-0.65131183315,12.546139555,-5.8419133428,-45.000288306,-1.1432838374,-78.083586334,-0.99565619788,,,13.650995684,10.392001009,,,-0.56130857241,-0.13935398255,-365.49037436,374.51967726,-488.09216337,497.12146628,-236.99364413,26.671487295,290.91038378,-6.2652941351,-213.75217961,14.739681383,-102.58076274,2.4642417235,-3.1582547868,0,0,0
2011,,-0.49956630215,,,,,,-0.013711774729,-0.084557092571,,2.7887779837,-9.0748117941,-0.57495134955,,4.3532996638,0.65092021991,,2.7977839276,-31.341274079,,-1.220214068,,,,,-2.3396648426,-15.456158589,,0.21959742256,1.6859159505,-0.18698551372,,-4.616086303,-9.8327924196,,,,-1.7159580788,380.59527807,-3.2520705266,,,,-1.3539455154,-0.3620432833,-0.70614568452,,,-0.15362830893,-0.16056414462,,,-4.2622041918,,,-8.3339506225,-1.3086108877,1.0173325241,-0.51397945953,,,-0.15769893012,0.51412036272,,,,-3.8397473242,-40.12432792,,,,-0.61648963419,-47.537348136,-1.954690256,3.2923286178,,,0.45555246204,-0.58769977064,,,,0.54484773212,-14.718318857,-5.18619228,,36.466079165,-0.84833573904,,-2.6776635944,21.578492039,-5.1251053568,-43.027054881,0.64670807994,-71.925787344,-2.3869826291,30.80829349,-1.6457256986,,,3.2482970584,-1.43461915,0.2575732831,-1.5445449761,,,,,,-2.6327341025,-0.29346488969,,,-0.38293063904,0.020064862605,3.5509891689,,,-1.5179279888,,,-0.29145173016,-14.806931243,-0.52767972166,,,-2.2137903788,-2.111098818,,-1.1615249327,,0.10692048502,-11.579457539,,-0.6978713578,-0.1876844629,,6.4366822667,,-1.7457421785,,2.2346941095,-3.8162608915,,2.7108347586,,-1.2972045798,-3.4586941212,-6.9842621974,0.37816100129,2.1980522847,-3.0719137982,12.771761696,-0.32515523365,-13.909482915,,,,-0.9563707228,71.292102993,-0.015737059532,,,,,,1.528837706,-0.37360109967,,,,-48.821938669,-3.033187003,-1.374353606,,,35.443070095,-10.151762214,-3.999683104,,,,,,-9.5650616216,-17.190198854,,-7.585931847,-1.4419546607,-2.1533835106,,0.16557080685,,7.7606956796,2.0317213093,-12.513744708,,,,-0.73468183112,10.815417844,-6.4695312095,-38.951143288,-1.8034999316,-74.45181839,-1.1255957883,,,13.21131625,12.449274641,,,-0.91544647087,-0.019710522926,-355.02064159,372.68420046,-481.04550519,498.70906406,-226.79314288,26.982910146,281.04520296,1.729078652,-200.27448874,19.220018369,-99.091542052,2.0909066259,-14.038527095,0,0,0
2012,,-0.54432973091,,,,,,0.42003589889,-0.21010858677,,1.3316968776,-8.8128449078,-0.78075165089,,4.0332705682,-0.21289461187,,-0.29971356071,-29.164803005,,-0.76717613414,,,,,-1.8665980547,-15.035217134,,0.12156652666,1.2048090304,-0.18075318698,,-4.3963296677,-3.3444729937,,,,-2.4650563477,349.64626876,-3.9267901812,,,,-1.347147204,-0.72280831764,-1.2059295024,,,-0.24170281284,0.13506931313,,,-3.5427477541,,,-10.078590599,-1.4063513766,-2.0879699966,-0.40220951731,,,0.044116148332,0.16936054271,,,,-4.5354392363,-33.599807961,,,,-0.71168378322,-28.492149615,-2.6221193851,4.575862087,,,0.53073968401,-0.58891025377,,,,0.60990999927,-17.899811386,-4.0789858724,,37.070071715,-5.9666358549,,-2.326409806,11.898106687,-3.6159388023,-33.886382438,0.62384908225,-76.464827903,-2.8646577142,31.935837015,-2.1740786018,,,6.0480143821,-2.1857224514,0.215279187,-1.5808139711,,,,,,-1.9623477341,-0.31645297297,,,-0.36082570582,-0.0013450163535,0.74646404681,,,-1.4287436986,,,-0.30105039488,-12.796840091,-0.45889088612,,,-1.9433587527,-1.8515328858,,-1.5686368252,,0.109553875,-6.513360265,,-0.7787667815,-0.31571931446,,8.9795471421,,-1.0788016602,,2.3672678389,-4.4419234539,,3.2529553401,,-1.1349037611,-3.4451411474,-8.1375851312,0.35164301772,0.37241070695,-0.56729448774,13.311051806,-0.6139274152,-7.5382015575,,,,-0.4895702927,62.745099869,-0.028209128154,,,,,,5.1952404014,-0.73297365128,,,,-52.965823014,-2.031305392,-0.85480067803,,,28.547008415,-4.6488315597,-3.7577870954,,,,,,-8.4055745697,-29.342114014,,-2.5611191862,-1.0076136845,0.28766812153,,0.021730344599,,8.5050180236,2.1981760709,-11.572799223,,,,-0.62868952994,8.5918985427,-6.0828192069,-40.469938501,-1.7089667724,-84.096232972,-1.1451531026,,,23.81114346,11.134429233,,,-0.82888831638,-0.17226250157,-333.59004427,337.00741983,-438.88202623,442.29940179,-172.35403125,18.164741689,241.56942858,1.3788054945,-172.7519303,18.716736737,-100.23754606,0.55293009612,-3.9757906739,0,0,0
2013,,-0.35206427843,,,,,,-2.4372532247,-0.13735916579,,5.0934474574,-7.4052204761,-0.76335495109,,5.0668957951,0.20952482288,,-0.61523626666,-29.26757837,,-0.85706342219,,,,,-1.7319818341,-16.020912009,,-0.25683045654,1.199951669,-0.22572720015,,-5.2840326662,-2.3038299535,,,,-2.2139172677,336.08958906,-3.6200127988,,,,-1.2391858695,-0.75797215103,-1.3929847307,,,0.024196558317,-0.59655830077,,,-2.876633577,,,-7.3638763841,-1.6268595902,-0.60447578831,-0.49152861939,,,0.67760136224,0.41417064751,,,,-4.0345406802,-29.502549838,,,,-0.65481472857,-26.018602266,-2.1077681806,5.0080401503,,,0.56715859759,0.01481599421,,,,-2.2270760091,-21.273267573,-4.6324997723,,58.32661063,-6.5158826956,,-2.5170956392,24.800354118,-4.4453971819,-33.050398269,0.67866018918,-59.549339496,-3.1968585367,27.600932479,-2.7244688232,,,1.9482699575,-2.009322917,0.24964883847,-1.466477458,,,,,,-2.1671396536,-0.34651811332,,,-0.4218751299,0.032927392048,0.65261688256,,,-1.1217435857,,,-0.28635904517,-16.7905644,0.0024790918429,,,-1.8996370447,-2.6990712016,,-1.8095991953,,0.086625737631,-6.7021976314,,-1.1174663034,-0.31828249927,,1.0758911245,,-1.1827199179,,2.2677670832,-3.710060343,,3.1975392735,,-1.2741855091,-3.9574675145,-9.0268102365,0.16771023191,2.9485100647,-0.45438656844,9.8323131429,-0.48333045427,-6.041567527,,,,-0.092750967689,56.726172262,0.0032742036557,,,,,,2.231424566,-0.53786873314,,,,-55.784141019,-2.0976856269,-0.80317647238,,,30.259748986,-6.4685890592,-4.3229847579,,,,,,-7.8920621311,-26.681117865,,-4.358660768,-2.4450449015,-0.81621322879,,0.038512295175,,8.4267969493,2.108686901,-10.914648057,,,,-0.61794985143,6.5819223145,-7.1905650456,-38.421844078,-2.3448194109,-70.53930828,-1.3415774319,,,25.058705547,11.862759169,,,-0.8611938663,-0.13652574819,-291.34562622,320.02935917,-391.14041408,419.82414704,-161.04908938,12.840340464,252.13109928,1.2302056281,-164.99397721,20.399555842,-89.633702633,3.975981154,-7.2657695671,0,0,0
2014,,-0.13997066232,,,,,,0.86297563375,-0.058655729071,,3.5593217341,-8.4969781154,-0.79657034656,,4.4834788255,-10.561958641,,0.17481951084,-31.429665136,,-0.77795766617,,,,,-1.8355212766,-14.852920514,,0.038047812637,1.7155792154,-0.2387304016,,-4.5230973765,2.0823744496,,,,-1.489765123,322.90379352,-4.1547499196,,,,-1.1871457474,-0.91316509005,-0.39517074304,,,-0.035723173744,0.42205390167,,,-3.6544642865,,,-4.1008844132,-1.5257986885,-3.7104566407,-0.49881364422,,,0.41215527697,0.39440637861,,,,-3.7741807219,-29.360086108,,,,-0.63221191898,-30.406641859,-2.1308789947,5.2127692976,,,0.66168153475,0.027734035857,,,,0.59075223129,-18.506427516,-3.8459937571,,51.453310855,-6.0304436933,,-2.8088766696,23.469506641,-5.7480271485,-33.267815777,0.45133716046,-49.470791633,-2.6827641821,32.441247725,-3.6136327449,,,0.025457011594,-2.0955071799,0.25288970801,-1.2830582909,,,,,,-2.2919309919,-0.41141145007,,,-0.49273633563,0.024992732742,1.5731369317,,,-1.4320815205,,,-0.31239718361,-17.581948257,0.12189701934,,,-1.6994673701,-2.7540239517,,-2.136684117,,0.17454013813,-3.6170940361,,-0.99435390982,-0.46304042376,,1.4890647886,,-0.9554349575,,1.6661332044,-4.519249725,,2.9030312317,,-1.2641714863,-3.375395514,-9.3657169471,0.075707823168,2.1980175736,-0.27851129401,9.3784986997,-0.49848487128,-11.89788764,,,,-0.68234365328,66.787479977,-0.024666190956,,,,,,1.0289221062,-0.73081076839,,,,-37.041300345,-1.6218869228,-1.0955567889,,,33.938824699,-7.324735965,-4.0113389941,,,,,,-8.1009958623,-26.894723069,,-4.5268409844,-4.1638834649,5.2936530401,,-0.017613197686,,7.5337325664,2.0391527739,-9.6782684552,,,,-0.66665162173,9.6248221099,-8.4780719415,-43.025105297,-2.4389832302,-84.099345267,-1.2793925481,,,7.0844788063,15.228242424,,,-1.0136301445,-0.21772179874,-287.57257903,302.86121011,-407.44385327,422.73248435,-165.65462786,11.689961813,261.27887704,5.8906504961,-160.08274025,13.464864761,-99.598919074,2.5649678243,-19.91903153,0,0,0
2022,,,,,,,,,,,,,,,,,,,,,,,,,,,,,,,,,,,,,,,,,,,,,,,,,,,,,,,,,,,,,,,,,,,,,,,,,,,,,,,,,,,,,,,,,,,,,,,,,,,,,,,,,,,,,,,,,,,,,,,,,,,,,,,,,,,,,,,,,,,,,,,,,,,,,,,,,,,,,,,,,,,,,,,,,,,,,,,,,,,,,,,,,,,,,,,,,,,,,,,,,,,,,,,,,,,,,,,,,,,,,,,,,,,,0,0,0
2015,,-0.32774902531,,,,,,-2.2370599442,-0.11354178448,,5.3625196414,-6.2018415302,-0.67861943339,,3.8860955538,0.020223449083,,-0.33300873748,-29.265302499,,-0.67866044709,,,,,-2.0089511594,-5.1262984001,,-0.16882715793,2.0741048916,-0.2152906161,,-5.4934207597,7.9950216697,,,,-1.2047581734,272.61058627,-3.5010068246,,,,-1.2784564372,-0.96967766242,-0.99908613769,,,0.076476793817,0.14886550161,,,-3.8143991371,,,-3.4311990787,-1.6101190031,-6.1598838154,-0.52701115775,,,-0.59147355361,0.34370101185,,,,-2.9849457819,-24.85005674,,,,-0.53461408566,-26.031422257,-2.0517767105,5.1974184367,,,0.68718670254,0.010925526894,,,,0.60301016668,-13.266660993,-3.4269700185,,37.941665512,-1.7929634362,,-2.0946482378,10.213003158,-4.7393355744,-25.226047541,0.42133439809,-37.421817295,-2.7115256523,22.599897012,-2.9115012255,,,-0.8054995309,-1.5897628615,0.51484321224,-1.2844531181,,,,,,-2.0087938275,-0.45084596939,,,-0.44395348542,0.025440807873,2.0851797287,,,-1.8455336544,,,-0.2257274876,-16.313382899,-0.062081786047,,,-1.4179428507,-2.3568763051,,-1.9672321195,,0.15725140164,-1.4849723654,,-0.77901029079,-0.5433883553,,-2.0849753328,,-1.342401457,,0.61541232686,-6.027244308,,2.5633434792,,-1.0590735219,-3.4269756809,-8.5612972252,-0.13302019238,0.45596757993,0.0799041803,6.4333765003,-0.35105104046,-9.1338307255,,,,-0.39921520603,86.264886602,-0.02969719326,,,,,,-5.6223936394,-0.60114141847,,,,-27.861064889,-1.5885077417,-1.0754080724,,,30.408359026,-2.9745867119,-4.0887520453,,,,,,-7.6007442076,-28.283985115,,-0.32787928603,-0.98913599816,6.3138843511,,-0.075850848896,,6.1289505148,2.0629269207,-7.7586665732,,,,-0.60697701202,10.618561357,-5.4442959405,-45.354730013,-2.6055797309,-112.93887624,-1.0931722363,,,21.102584174,18.500577781,,,-0.86576270088,-0.31266412702,-252.27729121,265.62243548,-385.69326971,399.03841399,-138.16651692,3.9101800041,242.63259465,4.6237702323,-116.92494331,-5.9338293718,-121.25723747,4.5835093507,1.7111001972,0,0,0
2016,,-0.32491780922,,,,,,0.72690123507,-0.086784090807,,10.614813426,-6.8549978132,-0.21585917789,,3.6826898131,-10.229011906,,-0.16738729831,-29.615119837,,-0.31649608469,,,,,-1.8856274228,1.331107465,,0.15807821477,1.5810596476,-0.16309568942,,-4.5416321347,9.8812397515,,,,-0.86811253719,245.6336739,-2.6966198393,,,,-1.1940639133,-0.87374398103,-1.2223220356,,,0.13804669535,0.27905492101,,,-3.4315601746,,,-1.5669178719,-1.0050598872,-5.6774557669,-0.51767983646,,,0.24528094176,0.35194439643,,,,-2.690617809,-26.088761834,,,,-0.41480821943,-29.334742667,-1.6464217726,3.8999767077,,,0.73067761343,-0.64792883189,,,,0.55584726478,-11.121106636,-3.6557124732,,47.881418822,-2.4964833939,,-2.3530031613,22.058489205,-5.2665741339,-22.51905354,0.31894341188,-35.27875848,-1.982343479,26.84163134,-2.5723173702,,,0.51618416041,-2.0259669065,1.0141550053,-1.3142404268,,,,,,-2.2559615564,-0.20045873383,,,-0.41687115881,-0.0086412221581,3.5157357968,,,-2.1339569637,,,-0.2550502581,-13.368503193,0.49855622283,,,-1.9737609222,-2.0516695384,,-1.9559835944,,0.17729551841,-1.327428381,,-1.0815458375,-0.55405805157,,-0.40971027053,,-1.2840103829,,-0.53158816958,-6.716296067,,2.2447622175,,-0.94503614223,-2.6223497291,-9.2317122023,-0.11214589457,3.9398879738,-1.1326403478,4.2972049875,-0.42768998881,-4.8705386195,,,,-1.1070798382,73.731266363,-0.019769301941,,,,,,0.24845646891,-0.79108876369,,,,-29.871992249,-1.5712322289,-1.053432931,,,33.519122615,-3.8344669693,-4.2673993228,,,,,,-7.5850227084,-33.401062264,,-0.24744652075,-2.0730594654,8.073189787,,-0.026476150014,,3.2815159301,2.0217514155,-3.8284264884,,,,-0.59481320185,14.753548138,-5.9454795877,-47.516602817,-1.7278164591,-111.29763919,-0.88689033445,,,22.284128047,19.580211049,,,-0.50472899671,-0.33117526916,-260.08134656,291.47517851,-372.44977183,403.84360378,-141.19850554,10.614486412,229.68509027,3.2990267643,-135.40767161,13.248612776,-114.78490263,9.533267588,15.205922383,0,0,0
2017,,-0.17665533282,,,,,,-1.1118164046,-0.070313419501,,9.9549043865,-6.0775628764,0.093822626327,,3.6311468615,-11.24205968,,-0.14570903644,-27.905659001,,-0.24504417353,,,,,-1.1859535385,-0.38016962379,,0.24810482672,1.7369238535,-0.13271685215,,-4.5231066731,10.617656362,,,,-1.0956815796,237.08063251,-2.5820957676,,,,-1.1811794784,-0.86883277276,-0.86332004644,,,-0.08918816962,-0.80466352661,,,-3.9737359555,,,-1.7923783691,-1.5597093866,0.84659722517,-0.51255565072,,,0.51781194526,-1.2695405923,,,,-2.9547574659,-24.704580817,,,,-0.29424547023,-30.59726842,-1.8320643144,4.9568812676,,,0.54614934261,-0.52396127681,,,,0.57670346734,-12.003325871,-4.3639648523,,41.789542233,-1.8569973999,,-2.9265428672,24.918687761,-5.0782567716,-25.357890524,0.40736298471,-33.722804448,-1.6378528886,28.835273315,-2.3627760919,,,0.89639012289,-1.9816544183,-0.40931492921,-1.924456377,,,,,,-2.4467957359,-0.12315100063,,,-0.43038756151,0.024605281488,4.6042164923,,,-1.9736286982,,,-0.30121750389,-13.920977162,1.0044256088,,,-1.5183776147,-1.6080472607,,-1.4069871583,,0.21849230543,-1.8163489629,,-0.75837010007,-0.49019836486,,1.0691518386,,-1.6439417164,,-0.29185139279,-6.7056449074,,-1.8256468942,,-1.0977944406,-2.3937243109,-8.858321363,-0.098956452852,3.994549412,-0.83279456269,7.4113306771,-0.44812513719,-9.6608500741,,,,-1.4147839807,72.552105282,-0.14011450569,,,,,,3.9996024238,-0.77929892914,,,,-31.789650036,-1.30116228,-1.4226586196,,,30.734402586,-5.4611288624,-3.9130172754,,,,,,-8.1323868076,-24.590583093,,-1.2676238619,-2.1250736082,6.6956972034,,0.0065217428749,,4.2380969992,2.2244315662,-3.2784627285,,,,-0.63139046222,11.433287969,-7.9163088191,-43.367963282,-1.4773691262,-114.351254,-1.0391855192,,,20.006169396,22.057959254,,,-0.34563447378,-0.08051878007,-258.0764097,278.2059763,-370.18359898,390.31316558,-146.26226393,17.317352114,212.20416295,-0.03364596336,-132.20172314,22.654425246,-117.6545748,9.1965342864,8.6470359107,0,0,0
2018,,-0.28632454828,,,,,,0.80408067822,-0.35167321756,,13.772518257,-6.7300641375,-0.2094557779,,3.4777448244,-12.305537936,,-0.35419234828,-29.635293464,,-0.13126367691,,,,,-1.1268612801,-0.090645685759,,-0.0097215872285,0.77960754868,-0.16713329743,,-5.3489090361,13.281076539,,,,-2.1369033072,201.56015919,-2.9525794053,,,,-1.2963523069,-1.2224422019,-1.7798672709,,,-0.1315061135,-1.8554713084,,,-4.2405318077,,,-1.6475764707,-1.8603248703,0.29538093865,-0.68141033757,,,-0.034738572631,-0.97148161913,,,,-3.3128910049,-28.511017855,,,,-0.65665496378,-35.056619447,-1.2971485592,3.8661184054,,,-1.2612883979,-0.55597326241,,,,0.51328373224,-11.765464389,-4.7434947249,,45.797864085,-3.0891658332,,-3.1544634494,29.51212308,-5.8808582055,-27.622009997,0.20166350906,-38.133561837,-1.746726531,36.920596135,-2.4301285711,,,0.60629779987,-2.3345991632,-0.3589483464,-2.2422338925,,,,,,-2.6006210107,-0.0055233219917,,,-0.36331480632,-0.25310786729,4.0476137696,,,-2.3974016409,,,-0.34039830665,-14.255257504,1.1803144905,,,-1.6045707476,-1.5888822119,,-1.2700462024,,-3.315683014,-3.1700767423,,-0.88079810401,-0.46083345836,,1.197807849,,-1.4574278258,,0.099705692432,-6.2019235742,,-1.7391006646,,-1.1622655339,-2.5539458433,-9.2573624606,-0.031526753058,1.1291358246,-1.2226539626,7.3540082492,-0.20928539052,-14.202774285,,,,-2.2121453123,95.475295335,-0.16703215059,,,,,,7.8834251727,-0.93925232831,,,,-30.742526144,-1.6401966187,-1.8095501089,,,30.386668922,-7.7075189019,-4.2573903321,,,,,,-8.3454969761,-24.057792567,,-2.5200767154,-1.1502227084,4.0954181604,,-1.5619210155,,4.7111010928,0.46511076537,-1.374777705,,,,-0.61178401241,5.5539896286,-10.099639228,-41.996331353,-1.6033236988,-114.72561937,-1.086171441,,,36.150313031,25.787625094,,,-0.22941292184,0.024120034809,-265.02626941,260.86196438,-395.85086544,391.68656041,-174.38652586,13.724324381,173.1779396,-1.6605133019,-141.50930954,29.831303149,-115.69980034,12.891720153,25.08003087,0,0,0
2019,,-0.27440374682,,,,,,3.1317519916,-0.17477774633,,14.632099538,-5.7846351595,-0.043009919326,,4.3634850115,-12.674418796,,-0.2445241464,-27.777625011,,-0.095755803858,,,,,-1.3739186183,-0.84635489617,,0.19346536109,0.71943786673,-0.17217833787,,-5.8167391786,14.768884446,,,,-1.5486449023,215.14204766,-2.4252832513,,,,-1.2676968086,-1.1653638952,-1.5362393345,,,-0.064048709966,-2.1049682955,,,-4.2398559442,,,-1.4027077874,-1.8114573494,0.64928520263,-0.53383267489,,,-0.63318242709,-0.95998609433,,,,-2.9469660265,-26.886899927,,,,-0.29606160751,-36.541716092,-1.0424528789,3.6307714791,,,-1.1973998383,-0.53500422276,,,,0.5812154529,-11.877823403,-4.3596124752,,45.135398381,-2.6546468186,,-3.4700981597,19.900513912,-5.6263094722,-25.691441172,0.17984921664,-39.948507938,-1.602722785,30.997237407,-2.4028781646,,,0.38608276652,-2.2600386969,-0.60293130861,-2.1038187505,,,,,,-2.211623543,0.12238546834,,,-0.35990751522,-0.26209595791,4.894516693,,,-2.224168076,,,-0.34214591,-12.615227593,1.4298948894,,,-0.9829584621,-1.7568950347,,-1.3357498929,,-3.1934974376,-4.0549939673,,-0.70689548355,-0.40368410449,,2.1699518469,,-1.7212494637,,-0.61192281151,-5.7018884007,,-1.108490207,,-1.2079129931,-2.4612950781,-9.044190733,-0.072515050954,1.4284825621,-1.3224129553,7.3681976186,-0.16091130632,-16.785001783,,,,-2.2559408495,86.407928795,-0.16361411853,,,,,,6.5436745688,-0.70139385156,,,,-34.799914816,-1.761156688,-1.7854634172,,,33.092485281,-8.4869801868,-4.1672943331,,,,,,-7.5696547882,-23.164901967,,-4.9118085235,-1.0587838863,2.6783463403,,-1.5491951721,,3.9293047172,0.52657957701,1.3736469084,,,,-0.61062363762,4.3887035952,-4.5808931174,-40.686331407,-1.4681787617,-115.59459848,-1.0785405895,,,22.336656923,35.630028032,,,-0.30267769072,-0.039029397668,-269.24907616,263.57783766,-387.85906078,382.18782228,-169.91242458,18.655387183,180.08959944,-1.223442034,-145.20720292,27.5137526,-113.44094162,13.925204054,14.016404804,0,0,0
2020,,-0.27360307174,,,,,,2.5099302257,-0.17457135216,,11.793545162,-5.1041320048,-0.44535353706,,4.2439905665,-12.746676046,,0.14364270933,-23.944056535,,-0.21310350071,,,,,-1.4609138273,4.6234831923,,0.19134462578,0.17573538776,-0.088378456756,,-6.0454859587,11.349110616,,,,-0.8129505424,253.78852957,-2.5473235316,,,,-1.1484817094,-0.95105997569,-1.5516265454,,,0.14488936184,-2.1683995214,,,-3.8778840339,,,-1.5135565127,-1.7331276922,-1.9723564055,-0.54637223027,,,-0.87866655723,-0.88407311949,,,,-2.8265553004,-25.682754235,,,,-0.62799974776,-34.395480794,-1.2807408414,1.0702462233,,,-1.1157920673,-0.29723170473,,,,0.43838663116,-13.387392731,-3.6422790833,,47.439954285,-4.5359306721,,-2.3736482785,15.227401634,-4.9117135427,-22.814877001,-0.11565292063,-40.505466123,-1.8294266778,22.737224886,-2.2092566047,,,-0.64978098648,-2.1298841297,-0.6468517643,-1.8495101477,,,,,,-1.7765124593,0.017219541116,,,-0.39627548044,-0.27817960535,5.1003531816,,,-1.8677721602,,,-0.40281490028,-7.1768520761,0.95659888672,,,-0.78309641952,-1.6903559012,,-1.3042401173,,-2.986541575,-4.1327543419,,-1.2872657797,-0.33588180961,,-0.9926090456,,-1.5919209311,,0.023763440279,-5.1834483669,,-1.5375280753,,-1.1823328583,-2.7565213216,-9.28061982,-0.31606614233,3.2408164243,-1.6276958617,7.1343012236,-0.23072793208,-16.761421004,,,,-1.8653348312,73.283886188,-0.15292585965,,,,,,-1.1303849933,-0.86894953798,,,,-25.008571342,-1.6482153498,-1.6242384436,,,32.485317221,-10.183237911,-4.2992863976,,,,,,-6.7303786409,-19.864743155,,-3.3725077301,-0.9078324602,-0.081399308949,,-1.2639718946,,2.3885723719,0.31023709764,3.8629167108,,,,-0.56049250758,4.8466965947,0.39069950271,-36.719941611,-1.4345529523,-128.80172159,-1.023540947,,,6.2239628826,37.811949945,,,0.16967613482,-0.22324908401,-283.69204093,285.2611348,-380.75539557,382.32448944,-157.9171031,13.025674779,218.89871531,-3.4863063222,-138.09308638,22.361766878,-124.62946305,10.506279382,2.9855132652,0,0,0
2021,,-0.28963224494,,,,,,3.4012985432,-0.20200282845,,13.181797136,-6.0462579945,-0.14853994491,,5.4895144674,-13.967315809,,-0.1495709482,-28.377477156,,-0.25762184109,,,,,-1.4552658525,9.5479386028,,0.43969536657,0.47300921237,-0.13913887099,,-5.9566463552,9.5995644754,,,,-1.5515799369,276.32570169,-2.5564104008,,,,-1.2621611281,-1.0949969218,-1.5176101858,,,0.053044624654,-3.4022686075,,,-4.6609122895,,,-1.7676007516,-1.840775784,-5.0710450165,-0.57760919087,,,-0.95057093848,-1.026068245,,,,-3.7528247672,-29.763590714,,,,-0.74369394049,-41.405784327,-1.1030586392,1.8152722904,,,-1.2321409018,-0.34645074813,,,,0.51963849967,-15.670354747,-4.6630349353,,61.816992047,-2.3365242127,,-2.4463208065,18.714981935,-6.2707883378,-26.270981715,-0.11008054162,-44.427576953,-2.0199004828,24.869407862,-2.4366377876,,,-0.29610938568,-2.3424792609,-0.34947273062,-2.2016072614,,,,,,-2.2948595575,-0.094376104688,,,-0.45581535187,-0.31514820289,5.0868322149,,,-2.3553816232,,,-0.45640504706,-10.35963375,0.82343613148,,,-0.96316079107,-1.8853139809,,-1.4891982826,,-3.7758942821,-6.6272779138,,-1.7894278219,-0.37885427624,,-0.23604369923,,-1.0132831983,,0.37172717297,-6.2433148447,,-1.0833796754,,-1.383029234,-2.3134490704,-10.981037083,-0.14907355606,3.6905349126,-2.49224682,9.659846749,-0.22487233227,-19.943836271,,,,-2.4014823443,96.129202619,-0.18433066188,,,,,,2.3381150621,-1.0136520758,,,,-29.721689893,-1.6567268974,-2.0853882587,,,34.87789463,-11.439609186,-4.9897680199,,,,,,-8.0880151412,-22.622221707,,-2.0812122739,-0.9293159938,-2.8793721977,,-1.482619517,,3.9215770823,0.69716587359,8.3944872311,,,,-0.6439532635,3.6916925786,-1.1158059428,-45.287944923,-1.6608314431,-147.36909601,-1.0780946001,,,8.5638138585,34.213589857,,,0.28499098765,-0.29901567748,-326.56770131,322.76751379,-448.17739744,444.37720991,-188.9627445,11.619407241,235.88560753,-1.9706108836,-158.50450233,35.266068468,-148.12916528,11.392369314,10.640638422,0,0,0
